"Product","Status","Package","Configuration","Polarity","VDS (V)","VGS (±V)","ID @ 25°C (A)","PD @ 25°C (W)","RDS(ON) max (mΩ) at VGS=10V","RDS(ON) max (mΩ) at VGS=4.5V","Qg (10V)(nC)","Qg (4.5V)(nC)","VGS(th) min (V)","VGS(th) typ (V)","VGS(th) max (V)","Ciss (pF)","Coss (pF)","Crss (pF)","Qgd (nC)","tD(on) (ns)","tD(off) (ns)","Trr (ns)","Qrr (nC)","Qualification","ESD Diode","Tj max (°C)"
"AOLF66610","New","LFPAK5x6-4L","Single","N","60","20","294","375","2",,"66",,"2.20","2.75","3.30","4600","1200","40","15","14","55","28","120","Industrial",,"175"
"AONS66617","New","DFN5x6-8L","Single","N","60","20","110","120","4.70",,"25",,"2.20","2.80","3.40",,"1600","15","6.50","9","18","19","55","Industrial",,"175"
"AONS62606","New","DFN5x6-8L","Single","N","60","20","195","192","2.70","3.70","65","31","1.10","1.60","2.10","4150","1050","75","10","9","56","26","107","Industrial",,"150"
"AONS68912","New","DFN5x6-8L","Single","N","100","20","242","375","2.90",,"53",,"2.40","2.90","3.40","3860","1860","30","12","13","29","37","171","Industrial",,"175"
"AOMR62818","New","DFN3.3x3.3C-8L","Single","N","80","20","78","88","6.60","9.50","34","15","1.30","1.80","2.30","2420","280","15","4","7","30","24","100","Industrial","No","175"
"AONA66813","New","DFN5x6-8L","Single","N","80","20","216","214","2.20",,"75",,"2.60","3.20","3.80","5800","1570","24","14","17","37","34","165","Industrial",,"175"
"AONU62939","New","DFN3x3C-8L","Dual","N","100","20","8","26","70","94","6.50","3","1.70","2.35","2.80","415","32","3","1.50","4","15","16","44","Industrial",,"150"
"AOGL66901","New","GLPAK","Single","N","100","20","448","535","1.25",,"170",,"2.30","2.85","3.40","13800","4100","45","30","34","123","56","320","Industrial",,"175"
"AOGT66909","New","GTPAK","Single","N","100","20","366","428","1.50",,"138",,"2.40","2.90","3.40","12000","3375","50","25","35","97","53","300","Industrial",,"175"
"AONA66642","New","DFN5x6-8L","Single","N","60","20","264","214","1.35",,,,"2.10","2.80","3.40",,,,,,,,,,,
"AOTL77901","New","TOLLC","Single","N","100","20","360","500","1.50",,"190",,"2.50","3","3.50","11400","3950","180","61","40",,"52","320","Industrial","No","175"
"AOTL77908","New","TOLLC","Single","N","100","20","326","375","1.70",,"146",,"2.50","3","3.50","8900","3100","130","45","33","83","46","302","Industrial","No","175"
"AOGT68801","New","GTPAK","Single","N","80","20","397","428","0.90",,"196","61","2.30","3","3.70","14500","2100","56","52","40","115","56","390","Industrial",,"175"
"AOTL66518Q","New","TOLLA","Single","N","150","20","206","500","4.70",,"80",,"2.70","3.20","3.70","6460","820","5","15","27","49","86","920","Automotive",,"175"
"AONS66937","New","DFN5x6-8L","Single","N","100","20","196","300","3.90",,"86",,"2.10","2.60","3.10","7300","1460","22","10","17.40",,"50","350","Industrial",,"175"
"AOGT68905","New","GTPAK","Single","N","100","20","397","428","1.20",,"139",,"2.30","2.70","3.30","10600","4600","50","28","27","104","61","450","Industrial",,"175"
"AONS77403","New","DFN5x6-8L","Single","N","40","20","341","333","1.60",,"45",,"2.40","2.90","3.40","3550","1200","20","7.80","11","29","41","27","Industrial",,"175"
"AONS66408T","New","DFN5x6-8L","Single","N","40","2.30","98","58","3.10","4.40","36.20","15.70",,,"2.30",,"2808","36","2.50","9","30","25","14","Industrial",,"175"
"AO3422","Full Production","SOT23","Single","N","55","12","2.10","1.25",,"160",,"2.60","0.60","1.30","2","214","31","12.60","0.80","2.30","16.50","20","17","Industrial","No","150"
"AO3442","Full Production","SOT23","Single","N","100","20","1","1.40","630","720","2.80","1.50","1.70","2.30","2.90","100","13","5","0.80","5","12","52","60","Industrial","No","150"
"AO4262E","Full Production","SO8","Single","N","60","20","16.50","3.10","6.50","8.50","30","15","1.20","1.65","2.20","1650","520","52","6.50","8.50","50","19","60","Industrial","Yes","150"
"AO4264C","Full Production","SO8","Single","N","60","20","11","3.10","13.50","18","15.20","7.30","1.20","1.70","2.30","900","220","20","2.80","6","21","15","45","Industrial","Yes","150"
"AO4264E","Full Production","SO8","Single","N","60","20","13.50","3.10","9.80","13.50","14.50","7","1.40","1.80","2.40","1100","300","28","3.50","8.50","50","18.50","59","Industrial","Yes","150"
"AO4266E","Full Production","SO8","Single","N","60","20","11","3.10","13.50","18","13.50","6.50","1.20","1.70","2.20","755","220","20","3",,,"15","45","Industrial","No","150"
"AO4268","Full Production","SO8","Single","N","60","20","19","3.10","4.80","6.50","44","21","1.30","1.80","2.30","2500","670","65","6.50","6","22","22","80","Industrial","No","150"
"AO4286","Full Production","SO8","Single","N","100","20","4","2.50","68","92","5.80","2.80","1.70","2.25","2.90","390","30","3","1.20","6","18","15","53","Industrial","No","150"
"AO4290A","Full Production","SO8","Single","N","100","20","15.50","3.10","6.40","7.60","65","30","1.30","1.75","2.30","4525","345","22.50","9",,,"32","162","Industrial","No","150"
"AO4292E","Full Production","SO8","Single","N","100","20","8","3.10","23","33","16.50","8","1.60","2.15","2.70","1200","93","6.30","2.50","7","20","20","80","Industrial","Yes","150"
"AO4294","Full Production","SO8","Single","N","100","20","11.50","3.10","12","15.50","33","15","1.40","1.90","2.40","2420","170","11","4","8","25","25","110","Industrial","No","150"
"AO4294A","Full Production","SO8","Single","N","100","20","11.50","3.10","12","15.50","32.50","15.50","1.50","2","2.50","2305","180","11.50","5",,,"26.50","135","Industrial","No","150"
"AO4296","Full Production","SO8","Single","N","100","20","13.50","3.10","8.30","10.60","42","18.50","1.30","1.75","2.30","3130","245","12.50","4.50","8","25","28","130","Industrial","No","150"
"AO4480","Full Production","SO8","Single","N","40","20","14","3.10","11.50","15.50","22","10.50","1","2","3","1600","320","100","4.80","3.50","13.20","31","33","Industrial","Yes","150"
"AO4482","Full Production","SO8","Single","N","100","20","6","3.10","37","42","36","18","1.60","2.10","2.70","1630","100","50","9","7","28","25","130","Industrial","No","150"
"AO4484","Full Production","SO8","Single","N","40","20","10","1.70","10","12.50","27.20","13.60","1.70","2.20","3","1500","215","135","6.40","6.40","29.60","30","19","Industrial","No","150"
"AO4486","Full Production","SO8","Single","N","100","20","4.20","3.10","79","90","16.30","8.10","1.60","2.20","2.70","778","55","24","4.10","6","21","21","94","Industrial","No","150"
"AO4828","Full Production","SO8","Dual","N","60","20","4.50","2","56","77","8.50","4.30","1","2.10","3","450","60","25","2.20","4.70","15.70","27.50","32","Industrial","No","150"
"AO4840","Full Production","SO8","Dual","N","40","20","6","2","30","38","8.90","4.30","1.70","2.50","3","516","82","43","1.40","6.40","16.20","18","10","Industrial","No","150"
"AO4840E","Full Production","SO8","Dual","N","40","20","6","2","28","35","9","4.50","1.70","2.10","2.60","520","65","32","1.50","6.40","16.20","8","13","Industrial","Yes","150"
"AO4882","Full Production","SO8","Dual","N","40","20","8","2","19","27","6.50","3","1.40","1.90","2.40","415","112","11","1.10","4","15","12.50","3.50","Industrial","No","150"
"AO4884","Full Production","SO8","Dual","N","40","20","10","2","13","16","27.20","13.60","1.55","2.20","2.70","1500","215","135","6.40","6.40","29.60","13","35","Industrial","No","150"
"AO4892","Full Production","SO8","Dual","N","100","20","4","2","68","94","6.50","3","1.70","2.35","2.80","415","32","3","1.50","4","15","16","44","Industrial","No","150"
"AO6420","Full Production","TSOP-6L","Single","N","60","20","4.20","2","60","75","9.50","4.30","1","2.30","3","450","60","25","2.20","5.10","15.90","25.10","28.70","Industrial","Yes","150"
"AOB1404L","Full Production","TO263","Single","N","40","20","220","417","3.90",,"71",,"2.50","3.10","3.70","3568","1388","151","23","16","54","45","287","Industrial","No","175"
"AOB1608L","Full Production","TO263","Single","N","60","20","140","333","7.30",,"69",,"2.50","3.10","3.70","3069","721","56","21","18","47","40","355","Industrial","No","175"
"AOB2144L","Full Production","TO263","Single","N","40","20","120","187","2.30","4","68","28","1.40","1.90","2.40","5225","895","55","4.50",,,"20","60","Industrial","No","175"
"AOB2146L","Full Production","TO263","Single","N","40","20","105","119","2.80","3.90","50","20","1.50","1.95","2.50","3830","630","45","3",,,"18.50","50","Industrial","No","150"
"AOB240L","Full Production","TO263","Single","N","40","20","105","176","2.60","3.50","49","22","1","1.70","2.20","3510","1070","68","7","11","38","21","58","Industrial","No","175"
"AOB2500L","Full Production","TO263","Single","N","150","20","152","375","6.20",,"97",,"2.30","2.80","3.50","6460","586","22","17","18.50","67.50","90","1090","Industrial","No","175"
"AOB256L","Full Production","TO263","Single","N","150","20","19","83","85","100","15.50","7","1.80","2.25","2.80","1165","61.50","2.50","1.20","6.50","23","37","265","Industrial","No","175"
"AOB2606L","Full Production","TO263","Single","N","60","30","72","115","6.20",,"53","22","2.50","3","3.50","4050","345","16.80","5","18","33","26","125","Industrial","No","175"
"AOB260L","Full Production","TO263","Single","N","60","20","140","330","2.20",,"150",,"2.20","2.70","3.20","11800","1360","40","15","30","74","32","200","Industrial","No","175"
"AOB266L","Full Production","TO263","Single","N","60","20","140","268","3.20",,"65",,"2.20","2.70","3.20","5650","720","20","7","21","36","27","145","Industrial","No","175"
"AOB280L","Full Production","TO263","Single","N","80","20","140","333","2.20",,"160",,"2.40","2.75","3.40","11135","1315","80","28","30","75","44","348","Industrial","No","175"
"AOB282L","Full Production","TO263","Single","N","80","20","105","272.50","3.20",,"127","58","2.20","2.85","3.50","7765","960","66","21","24","55","40","320","Industrial","No","175"
"AOB286L","Full Production","TO263","Single","N","80","20","70","167","5.70",,"44.50",,"2.30","2.70","3.30","3142","435","43","8","13.50","32","29","161","Industrial","No","175"
"AOB288L","Full Production","TO263","Single","N","80","20","46","93.50","8.90",,,"26.50","2.30","2.80","3.40","1871","265","14","4","11.50","21.50","32","162","Industrial","No","175"
"AOB290L","Full Production","TO263","Single","N","100","20","140","500","3.20",,"90",,"2.90","3.50","4.10","7180","2780","42","21","31","45","65","460","Industrial","No","175"
"AOB292L","Full Production","TO263","Single","N","100","20","105","300","4.10",,"90",,"2.30","2.80","3.40","6775","557","32","13.50","20","48","50","380","Industrial","No","175"
"AOB410L","Full Production","TO263","Single","N","100","25","150","333","6.20",,"107",,"2","3","4","6622","594","215","40","28","43.50","27","177","Industrial","No","175"
"AOB414","Full Production","TO263","Single","N","100","25","51","150","25",,"28",,"2","3.30","4","1770","165","55","10","12","17","20","82","Industrial","No","175"
"AOB4184","Full Production","TO263","Single","N","40","20","50","50","10","13","27.20","13.60","1.70","2.10","3","1500","215","135","6.40","6.40","29.60","19","59","Industrial","No","175"
"AOB470L","Full Production","TO263","Single","N","75","25","100","268","10.20",,"114",,"2","2.70","4","4700","400","180","18","21","70","53","143","Industrial","No","175"
"AOB66613L","Full Production","TO263","Single","N","60","20","120","260","2.50",,"78",,"2.30","2.85","2.85","5300","1500","50","20","23","40","30","135","Industrial","No","150"
"AOB66616L","Full Production","TO263","Single","N","60","20","140","125","3.20",,,"42.50","2.40","2.90","3.40","2870","940","38","10",,,"26","87","Industrial","No","150"
"AOB66620L","Full Production","TO263","Single","N","60","20","57","50","8.50",,"16",,"2.40","3","3.60","1070","310","12","3.60","10","18","18","58","Industrial","No","150"
"AOB66811L","Full Production","TO263","Single","N","80","20","140","310","2.70",,"77",,"2.60","3.20","3.80","5750","1580","30","15","19","45","35","175","Industrial","No","175"
"AOB66916L","Full Production","TO263","Single","N","100","20","120","277","3.60",,"78",,"2.50","2.95","3.50","6180","1660","29","15","24","52","45","287","Industrial","No","150"
"AOB66919L","Full Production","TO263","Single","N","100","20","105","187","6.50","8.50","47","22","1.50","2","2.60","3420","790","14","5","11","43","36","214","Industrial","No","175"
"AOB66920L","Full Production","TO263","Single","N","100","20","80","100","8","10.50","35","16.70","1.50","2","2.50","2500","485","13","5","10","31","34","170","Industrial","No","150"
"AOD2144","Full Production","TO252","Single","N","40","20","120","156","2.30","4","68","28","1.40","1.90","2.40","5225","895","55","4.50",,,"20","60","Industrial","No","150"
"AOD2146","Full Production","TO252","Single","N","40","20","54","100","3.10","4.20","50","20","1.50","1.95","2.50","3830","630","45","3",,,"18.50","50","Industrial","No","150"
"AOD2210","Full Production","TO252","Single","N","200","20","18","100","105",,"27","12","1.50","2","2.50","2065","74","3.80","3","8","30","60","800","Industrial","No","175"
"AOD240","Full Production","TO252","Single","N","40","20","70","150","3","3.90","49","22","1","1.70","2.20","3510","1070","68","7","11","38","21","58","Industrial","No","175"
"AOD2544","Full Production","TO252","Single","N","150","20","23","75","54","66","11.50","5.50","1.70","2.15","2.70","675","78","4","2.50","6","20","37","210","Industrial","No","175"
"AOD256","Full Production","TO252","Single","N","150","20","19","83","85","100","15.50","7","1.80","2.25","2.80","1165","61.50","2.50","1.20","6.50","23","37","265","Industrial","No","175"
"AOD2606","Full Production","TO252","Single","N","60","20","46","150","6.80",,"53","22","2.50","3","3.50","4050","345","16.80","5","18","33","26","125","Industrial","No","175"
"AOD2610E","Full Production","TO252","Single","N","60","20","46","59.50","9.50","13.30","14.50","7","1.40","1.80","2.40","1100","300","28","3.50",,,"19","65","Industrial","Yes","150"
"AOD2810","Full Production","TO252","Single","N","80","20","46","100","8.50",,"26.50",,"2.30","2.80","3.40","1871","265","14","4","11.50","21.50","32","162","Industrial","No","175"
"AOD2816","Full Production","TO252","Single","N","80","20","35","53.50","15",,"14.50","5","2.50","3","3.50","1109","154","9","3.20","8","17","30","122","Industrial","No","175"
"AOD2910","Full Production","TO252","Single","N","100","20","31","53.50","24","33","16.50","7","1.60","2.15","2.70","1190","95","7","2.50","7","20","30","145","Industrial","No","175"
"AOD2910E","Full Production","TO252","Single","N","100","20","37","71.50","23","33","16.50","8","1.60","2.15","2.70","1200","93","6.30","2.50","7","20","25","120","Industrial","Yes","175"
"AOD2916","Full Production","TO252","Single","N","100","20","25","50","34","43.50",,"5.50","1.60","2.15","2.70","870","68","3.50","2","7.50","23","20","88","Industrial","No","175"
"AOD2922","Full Production","TO252","Single","N","100","20","7","17","140","176","3.80","1.80","1.70","2.20","2.70","250","19","2.50","0.80","5","19","19","52","Industrial","No","175"
"AOD294A","Full Production","TO252","Single","N","100","20","55","73","12","15.50","32.50","15.50","1.50","2","2.50","2305","180","11.50","5",,,"29.50","160","Industrial","No","150"
"AOD296A","Full Production","TO252","Single","N","100","20","70","89","8.30","10.60","42","18.50","1.30","1.75","2.30","3130","245","12.50","4.50",,,"30","150","Industrial","No","150"
"AOD3N40","Full Production","TO252","Single","N","400","30","2.60","50","3100",,"4.20",,"3.40","4","4.50","186","26","2.10","1","14","18","140","640","Industrial","No","150"
"AOD4126","Full Production","TO252","Single","N","100","25","43","100","24",,"28",,"2","3.30","4","1770","165","55","10","12","17","20","82","Industrial","No","175"
"AOD4130","Full Production","TO252","Single","N","60","20","30","52","24","30","28.30","13.40","1.60","2.20","2.80","1582","100","67","7.20","7.50","33","22","76","Industrial","No","175"
"AOD4184A","Full Production","TO252","Single","N","40","20","50","50","7","9.50","27","14","1.70","2.10","2.60","1500","215","135","6","6","30","29","26","Industrial","No","175"
"AOD4186","Full Production","TO252","Single","N","40","20","35","50","15","19","17","9","1.70","2.20","2.70","980","130","80","4.50","6","26","12","31","Industrial","No","175"
"AOD4286","Full Production","TO252","Single","N","100","20","14","30","68","92","5.80","2.80","1.70","2.25","2.90","390","30","3","1.20","6","18","15","53","Industrial","No","175"
"AOD442","Full Production","TO252","Single","N","60","20","38","60","20","25","47.60","24.20","1.60","2.10","3","1920","155","116","14.40","7.40","28.20","3","46","Industrial","No","175"
"AOD442G","Full Production","TO252","Single","N","60","20","40","60","18","23","47.50","24","1.50","2.10","2.70","1920","155","115","14.50",,,"30","105","Industrial","No","150"
"AOD444","Full Production","TO252","Single","N","60","20","12","20","60","85","7.50","3.80","1","2.40","3","450","61","27","1.90","4.20","16","27","30","Industrial","No","175"
"AOD4454","Full Production","TO252","Single","N","150","20","20","100","94",,"15",,"3.40","4","4.60","820","70","22","4.40","10.50","14.50","32.50","230","Industrial","No","175"
"AOD4504","Full Production","TO252","Single","N","200","20","6","42.50","400",,"82","44","1.70","2.80","3.70","328","20.50","8","30","6","18","35","150","Industrial","No","150"
"AOD454A","Full Production","TO252","Single","N","40","20","20","37","30","40",,"8.30","1.70","2.50","3","516","82","43","1.60","6.40","16.20","18","10","Industrial","No","175"
"AOD458","Full Production","TO252","Single","N","250","30","14","150","280",,,"12","3","3.80","4.50","637","104","7.10","4.60","21","29","150","1240","Industrial","No","175"
"AOD464","Full Production","TO252","Single","N","105","25","40","100","28",,"38.50",,"2.50","3.20","4","2038","204","85","10","12.70","31.50","59.60","161","Industrial","No","175"
"AOD468","Full Production","TO252","Single","N","300","30","11.50","150","420",,"12.80",,"3.40","4","4.50","632","90","7","4.30","18","36","170","1300","Industrial","No","175"
"AOD478","Full Production","TO252","Single","N","100","20","11","45","140","152","10.30","5.10","1.70","2.20","2.80","445","29","16","2.40","8","17","21","97","Industrial","No","175"
"AOD482","Full Production","TO252","Single","N","100","20","32","100","37","42","34","18","1.60","2.10","2.70","1630","100","50","9","7","29","32","200","Industrial","No","175"
"AOD486A","Full Production","TO252","Single","N","40","20","50","50","9.80","13","22","10.50","1.75","2","3","1600","320","100","4.80","6.50","33","31","33","Industrial","Yes","175"
"AOD5N40","Full Production","TO252","Single","N","400","30","4.20","78","1600",,"6.90",,"-1.30","-1.85","4.50","331","42","3","2.30","16.50","24","160","930","Industrial","No","150"
"AOD66406","Full Production","TO252","Single","N","40","20","60","52","6.10","9.40","20","8.50","1.50","2","2.50","1480","245","13","3",,,"11","21","Industrial","No","150"
"AOD66616","Full Production","TO252","Single","N","60","20","70","113","3.70",,"42.50",,"2.40","2.90","3.40","2870","940","38","10","14.50","33","26","87","Industrial","No","150"
"AOD66620","Full Production","TO252","Single","N","60","20","58","52","8.50",,"16",,"2.40","3","3.60","1070","310","12","3.60","10","18","18","58","Industrial","No","150"
"AOD66919","Full Production","TO252","Single","N","100","20","70","156","6.50","8.50","47","22","1.50","2","2.60","3420","790","14","5","11","43","36","214","Industrial","No","150"
"AOD66920","Full Production","TO252","Single","N","100","20","70","89","8.20","10.70","35","16.70","1.50","2","2.50","2500","485","13","5","10","31","34","170","Industrial","No","150"
"AOD66923","Full Production","TO252","Single","N","100","20","58","73","11","15","25","12.50","1.60","2.10","2.60","1725","360","7.50","3.50",,,"41","156","Industrial","No","150"
"AOD8N25","Full Production","TO252","Single","N","250","30","8","78","560",,"6",,"3.10","3.70","4.30","306","51","3.20","1.50","14","23","77","290","Industrial","No","150"
"AOD9N40","Full Production","TO252","Single","N","400","30","8","125","800",,"19.50",,"3.40","4","4.50","962","73","8","7.10","24","55","195","1900","Industrial","No","150"
"AOE66410","Full Production","DFN5x6-8L","Single","N","40","20","100","147","1","1.50","113","50","1.50","1.90","1.90","9000","1600","92","11","18","83","27.50","105","Industrial","No","150"
"AOH3106","Full Production","SOT223-4L","Single","N","100","20","2","3.10","360","385","4.80","2.50","1","1.50","2","185","19","8","1.40","3.50","16","17","14.50","Industrial","No","150"
"AOH3254","Full Production","SOT223-4L","Single","N","150","20","5","4.10","63","77","11.50","5.50","1.70","2.15","2.70","675","78","4","2.50","5","12","37","210","Industrial","No","150"
"AOI2610E","Full Production","TO251A","Single","N","60","20","46","59.50","9.50","13.30","14.50","7","1.40","1.80","2.40","1100","300","28","3.50",,,"19","65","Industrial","Yes","150"
"AOI294A","Full Production","TO251A","Single","N","100","20","55","73","12","15.50","32.50","15.50","1.50","2","2.50","2305","180","11.50","5",,,"29.50","160","Industrial","No","150"
"AOI296A","Full Production","TO251A","Single","N","100","20","70","89","8.30","10.60","42","18.50","1.30","1.75","2.30","3130","245","12.50","4.50",,,"30","150","Industrial","No","150"
"AOI4126","Full Production","TO251A","Single","N","100","25","43","100","24",,"28",,"2","3.30","4","1770","165","55","10","12","17","20","82","Industrial","No","175"
"AOI4184","Full Production","TO251A","Single","N","40","20","50","50","8","11","27.20","27.20","1.70","2.20","3","1500","215","135","6.40","6.40","29.60","29","26","Industrial","No","175"
"AOI4286","Full Production","TO251A","Single","N","100","20","14","30","68","92","5.80","2.80","1.70","2.25","2.90","390","30","3","1.20","6","18","15","53","Industrial","No","175"
"AOI442","Full Production","TO251A","Single","N","60","20","37","60","20","25","47.60","24.20","1.60","2.10","2.70","1920","155","116","14.40","7.40","28.20","34","46","Industrial","No","175"
"AOI444","Full Production","TO251A","Single","N","60","20","12","20","60","85","7.50","3.80","1","2.40","3","450","61","27","1.90","4.20","16","27","30","Industrial","No","175"
"AOI468","Full Production","TO251A","Single","N","300","30","11.50","150","420",,"12.80",,"3.40","4","4.50","632","90","7","4.30","18","36","170","1300","Industrial","No","175"
"AOI478","Full Production","TO251A","Single","N","100","20","11","45","140","152","10.30","5.10","1.70","2.20","2.80","445","29","16","2.40","8","17","21","97","Industrial","No","175"
"AOI5N40","Full Production","TO251A","Single","N","400","30","4.20","78","1600",,"6.90",,"3.40","4","4.50","331","42","3","2.30","16.50","24","160","930","Industrial","No","150"
"AOI66406","Full Production","TO251A","Single","N","40","20","60","52","6.10","9.40","20","8.50","1.50","2","2.50","1480","245","13","3",,,"11","21","Industrial","No","150"
"AOI8N25","Full Production","TO251A","Single","N","250","30","8","78","560",,"6",,"3.10","3.70","4.30","306","51","3.20","1.50","14","23","77","290","Industrial","No","150"
"AOK66518","Full Production","TO247","Single","N","150","20","120","500","5.40",,"80",,"2.70","3.20","3.70","6460","820","5","15","27","49","86","920","Industrial","No","175"
"AOK66613","Full Production","TO247","Single","N","60","20","120","312","2.50",,"78",,"2.30","2.85","2.85","5300","1500","50","20","23","40","30","135","Industrial","No","175"
"AOK66914","Full Production","TO247","Single","N","100","20","120","500","2.80",,"155",,"2.50","3","3.50","12500","3190","55","31","36","90","55","335","Industrial","No","175"
"AON2240","Full Production","DFN2x2-6L","Single","N","40","20","8","2.80","21","29","6.50","3","1.40","1.90","2.40","415","112","11","1.10","4","15","12.50","3.50","Industrial","No","150"
"AON2260","Full Production","DFN2x2-6L","Single","N","60","20","6","2.80","44","53","6.10","2.60","1.50","2","2.50","426","50","5","0.80","3","15","27","12","Industrial","No","150"
"AON2290","Full Production","DFN2x2-6L","Single","N","100","20","4.50","2.80","72","97","6.50","3","1.70","2.30","2.80","415","32","3","1.50","4","15","16","44","Industrial","No","150"
"AON6144","Full Production","DFN5x6-8L","Single","N","40","20","100","78","2.40","3.50","50","22","1.40","1.85","2.40","3780","675","60","4","5","16","17","45","Industrial","No","150"
"AON6152A","Full Production","DFN5x6-8L","Single","N","45","20","100","208","1.15","1.85","110","48","1.30","1.80","2.30","7410","1120","75","5.50","5","16","25","71","Industrial","No","150"
"AON6156","Full Production","DFN5x6-8L","Single","N","45","20","100","78","2.60","4","50","23","1.50","1.90","2.50","3975","545","62","5","5","16","19","43","Industrial","No","150"
"AON6162","Full Production","DFN5x6-8L","Single","N","60","20","100","215","2.10",,"70",,"2.10","2.60","3.20","4850","1700","130","16",,,"30","150","Industrial","No","150"
"AON6224","Full Production","DFN5x6-8L","Single","N","100","20","34","56.50","12","15.50","33","15","1.40","1.90","2.40","2420","170","11","4","12","53","27","128","Industrial","No","150"
"AON6224A","Full Production","DFN5x6-8L","Single","N","100","20","34","56.50","11.60","15.10","32.50","15.50","1.50","2","2.50","2305","180","11.50","5",,,"29.50","160","Industrial","No","150"
"AON6226","Full Production","DFN5x6-8L","Single","N","100","20","48","108","7.90","10.20","42","18.50","1.30","1.75","2.30","3130","245","12.50","4.50","12","53","30","150","Industrial","No","150"
"AON6230","Full Production","DFN5x6-8L","Single","N","40","20","85","104","1.44","2.10","81","35","1.20","1.75","2.30","6050","1640","105","13","12","59","28","98","Industrial","No","150"
"AON6234","Full Production","DFN5x6-8L","Single","N","40","20","85","83","3.40","5","33.50","15","1.40","1.90","2.40","2335","612","45","4.50","8","26","17.50","47.50","Industrial","No","150"
"AON6236","Full Production","DFN5x6-8L","Single","N","40","20","30","39","7","10.50","18.50","8.20","1.40","1.85","2.40","1225","318","26.50","2.50","6","23.50","14","32.50","Industrial","No","150"
"AON6240","Full Production","DFN5x6-8L","Single","N","40","20","85","83","1.60","2.40","72.80","31","1.30","1.90","2.40","5458","1395","103","10.80","14.80","61.30","23.90","84.60","Industrial","No","150"
"AON6242","Full Production","DFN5x6-8L","Single","N","60","20","85","83","3.60","4.50","60","23","1.50","2","2.50","5305","540","22","3","13","47","24.50","125","Industrial","No","150"
"AON6250","Full Production","DFN5x6-8L","Single","N","150","20","52","104","16.50",,"30.50",,"2.40","2.85","3.40","2388","213","9.50","4.50","11","23","68","560","Industrial","No","150"
"AON6260","Full Production","DFN5x6-8L","Single","N","60","20","85","104","2.40","3.50","81","37","1.50","2","2.50","5578","1390","75","12","13.50","50","30","130","Industrial","No","150"
"AON6262E","Full Production","DFN5x6-8L","Single","N","60","20","40","48","6.20","8.50","30","15","1.20","1.65","2.20","1650","520","52","6.50","13.50","50","19","60","Industrial","Yes","150"
"AON6264C","Full Production","DFN5x6-8L","Single","N","60","20","24","26","13.20","17.70","15","7.30","1.20","1.70","2.20","895","220","20","3.40","4.50","25","17","59","Industrial","Yes","150"
"AON6264E","Full Production","DFN5x6-8L","Single","N","60","20","28","37.50","9.50","13.30","14.50","7","1.40","1.80","2.40","1100","300","28","3.50",,,"19","65","Industrial","Yes","150"
"AON6266E","Full Production","DFN5x6-8L","Single","N","60","20","24","26","13.20","17.70","13.50","6.50","1.20","1.70","2.20","755","220","20","3",,,"17","54","Industrial","No","150"
"AON6276","Full Production","DFN5x6-8L","Single","N","80","20","100","215","2.60",,"68",,"2.10","2.60","3.20","4940","770","40","14",,,"32","168","Industrial","No","150"
"AON6278","Full Production","DFN5x6-8L","Single","N","80","20","85","208","3.30",,"61.50",,"2.30","2.75","3.30","4646","632","31","9.50","13","36","32","174","Industrial","No","150"
"AON6280","Full Production","DFN5x6-8L","Single","N","80","20","85","83","4.10",,"58",,"2","2.60","3.20","3930","592","66","14","13","32","36","153","Industrial","No","150"
"AON6282","Full Production","DFN5x6-8L","Single","N","80","20","85","83","5.60",,"36.50",,"2.30","2.95","3.50","2848","392","22.50","6","11","25","30","126","Industrial","No","150"
"AON6284","Full Production","DFN5x6-8L","Single","N","80","20","78","78","7.10",,"28",,"2.30","2.80","3.30","2162","300","16","4.50","9","23","26","118","Industrial","No","150"
"AON6284A","Full Production","DFN5x6-8L","Single","N","80","20","48","56","6.50","8.50","36","16.50","1.30","1.70","2.30","2540","310","18.50","6","9","23","23","91","Industrial","No","150"
"AON6290","Full Production","DFN5x6-8L","Single","N","100","20","85","208","4.60",,"63","28.50","2.20","2.80","3.40","4600","415","27","10","14.50","37","40","230","Industrial","No","150"
"AON6292","Full Production","DFN5x6-8L","Single","N","100","20","85","156","6",,"45","15.50","2.20","2.80","3.40","3830","327","16.50","7","13","26","19","225","Industrial","No","150"
"AON6294","Full Production","DFN5x6-8L","Single","N","100","20","52","57","10",,"28",,"2.40","2.95","3.50","2265","195","10","4","10.50","20","35","195","Industrial","No","150"
"AON6298","Full Production","DFN5x6-8L","Single","N","100","20","46","78","16.50",,"16",,"2.40","2.85","3.40","1307","127","8","3","7.50","16.50","30","132","Industrial","No","150"
"AON6442","Full Production","DFN5x6-8L","Single","N","40","20","32","35.70","4.80","7","27.80","12.80","1.40","1.90","2.40","1830","521","43","6","7.20","23","16.50","40","Industrial","No","150"
"AON6448","Full Production","DFN5x6-8L","Single","N","80","25","65","83","9.60",,"44",,"2.70","3.20","3.70","2600","340","120","14","18","24.50","17","65","Industrial","No","150"
"AON6452","Full Production","DFN5x6-8L","Single","N","100","25","26","35","25",,"28",,"2","3.20","4","1770","165","55","10","12","17","20","82","Industrial","No","150"
"AON6482","Full Production","DFN5x6-8L","Single","N","100","20","28","75","37","42","34","18","1.60","2.10","2.70","1630","100","50","9","7","29","32","200","Industrial","No","150"
"AON6484","Full Production","DFN5x6-8L","Single","N","100","20","12","25","79","90","19.40","9.60","1.60","2.20","2.70","778","55","24","5","6","21","23","142","Industrial","No","150"
"AON6590A","Full Production","DFN5x6-8L","Single","N","40","20","100","208","0.99","1.50","100","45","1.30","1.80","2.30","8320","1438","85","7","19","69","26","83","Industrial","No","150"
"AON6850","Full Production","DFN5x6-8L","Dual","N","100","25","28","56","35",,"24",,"2.50","3.40","4","1530","155","66","8","11","16","23","83","Industrial","No","150"
"AON6884","Full Production","DFN5x6-8L","Dual","N","40","20","34","21","11.30","13.80","27.20","13.60","1.55","2.10","2.70","1500","215","135","6.40","6.40","29.60","13","35","Industrial","No","150"
"AON7140","Full Production","DFN3.3x3.3-8L","Single","N","40","20","50","46","2.30","3.50","42","18","1.40","1.85","2.40","3350","580","65","3.50","7.30","21.20","16","42","Industrial","No","150"
"AON7230","Full Production","DFN3.3x3.3-8L","Single","N","100","20","47","54","11.50","15.50","30","13","1.50","1.95","2.50","2320","175","11","3","7.80","37.80","25","120","Industrial","No","150"
"AON7232","Full Production","DFN3.3x3.3-8L","Single","N","100","20","37","39","13.50","16.50","26","12","1.50","2","2.50","1770","145","10","4.50","7.80","37.80","23","96","Industrial","No","150"
"AON7240","Full Production","DFN3x3A-8L","Single","N","40","20","40","36.70","5.10","7","27.80","12.80","1.40","1.90","2.40","1830","521","43","6","7.20","23","16.50","40","Industrial","No","150"
"AON7246E","Full Production","DFN3x3A-8L","Single","N","60","20","24","24","13.20","17.70","13.50","6.50","1.20","1.70","2.20","755","220","20","3",,,"15","49","Industrial","No","150"
"AON7254","Full Production","DFN3.3x3.3-8L","Single","N","150","20","17","39","54","66","11.50","5.50","1.70","2.15","2.70","675","78","4","2.50","6","20","37","210","Industrial","No","150"
"AON7262E","Full Production","DFN3x3A-8L","Single","N","60","20","34","43","6.20","8.50","30","15","1.20","1.65","2.20","1652","520","52","6.50","6","20","19","60","Industrial","Yes","150"
"AON7264C","Full Production","DFN3x3A-8L","Single","N","60","20","24","24","13.20","17.70","15","7.50","1.20","1.70","2.20","895","220","20","3","4","25.50","15.50","49","Industrial","Yes","150"
"AON7264E","Full Production","DFN3x3A-8L","Single","N","60","20","28","27.50","9.50","13.30","14.50","7","1.40","1.80","2.40","1100","300","28","3.50",,,"19","65","Industrial","Yes","150"
"AON7280","Full Production","DFN3.3x3.3-8L","Single","N","80","20","50","83","8.50",,"26.50",,"2.30","2.80","3.40","1871","265","14","4","11.50","21.50","32","162","Industrial","No","150"
"AON7290","Full Production","DFN3.3x3.3-8L","Single","N","100","20","50","83","12.60",,"26.50","9","2.20","2.85","3.40","2075","175","9.50","4","10","22.50","35","185","Industrial","No","150"
"AON7292","Full Production","DFN3.3x3.3-8L","Single","N","100","20","23","28","24","32","17","8","1.60","2.10","2.60","1170","90","8","3.50","5","21","24","110","Industrial","No","150"
"AON7296","Full Production","DFN3x3A-8L","Single","N","100","20","12.50","20.80","66","90","6.50","3","1.70","2.30","2.80","415","32","3","1.50","4","15","16","44","Industrial","No","150"
"AON7458","Full Production",,"Single","N","250","30","5","33","560",,,"6","3.10","3.70","4.30","306","51","3.20","1.50","14","23","77","290","Industrial","No","150"
"AON7460","Full Production","DFN3x3A-8L","Single","N","300","30","4","33","830",,,"6.80","3.30","3.90","4.50","310","45","2.90","2","17","29","88","290","Industrial","No","150"
"AOND62930","Full Production","DFN5x6-8L","Dual","N","100","20","7","7.30","68","94","6.50","3","1.70","2.35","1.80","415","32","3","2.50","4","15","16","44","Industrial","No","150"
"AONR62818","Full Production","DFN3.3x3.3-8L","Single","N","80","20","50","54","6.60","9.50","34","15","1.30","1.80","2.30","2420","280","15","4",,,"24","100","Industrial","No","150"
"AONR62921","Full Production","DFN3.3x3.3-8L","Single","N","100","20","50","54","10.20","12.60","35","15.50","1.30","1.75","2.30","2450","180","11","5",,,"25","123","Industrial","No","150"
"AONR66406","Full Production","DFN3x3A-8L","Single","N","40","20","30","27","6.10","9.40","20","8.50","1.50","2","2.50","1480","245","13","3",,,"11","21","Industrial","No","150"
"AONR66620","Full Production","DFN3x3A-8L","Single","N","60","20","24","27","9.10",,"16",,"2.40","3","3.60","1070","310","12","3.60","10","18","18","58","Industrial","No","150"
"AONR66820","Full Production","DFN3.3x3.3-8L","Single","N","80","20","50","104","7.20",,"25",,"2.90","3.50","4.10","1950","470","11","4.20","10","21","28","140","Industrial","No","150"
"AONR66821","Full Production","DFN3.3x3.3-8L","Single","N","80","20","93","104","6.40","9","32","15","1.60","2.10","2.60","2280","490","11","4.10","6.50","29.50","24","122","Industrial","No","150"
"AONR66922","Full Production","DFN3.3x3.3-8L","Single","N","100","20","50","52","9","12","32.50","15","1.50","2","2.50","2180","550","13","5",,,"32","138","Industrial","No","150"
"AONR66924","Full Production","DFN3x3A-8L","Single","N","100","20","32","30","13.50","18","20.80","9.80","1.60","2.10","2.60","1450","365","10","4.40","7.50","23","34","148","Industrial","No","150"
"AONS62530","Full Production","DFN5x6-8L","Single","N","150","20","19","48","58","72","11.50","5.50","1.70","2.15","2.70","675","78","4","2.50","6","20","37","210","Industrial","No","150"
"AONS62602","Full Production","DFN5x6-8L","Single","N","60","20","85","208","2.50","3.60","78","35.50","1.50","1.90","2.50","5360","1510","95","9.50",,,"27","113","Industrial","No","150"
"AONS62614","Full Production","DFN5x6-8L","Single","N","60","20","100","119","2.50","3.40","64","32","1.20","1.60","2.20","3660","1160","108","11.50",,,"26","92","Industrial","No","150"
"AONS62614T","Full Production","DFN5x6-8L","Single","N","60","20","100","142","2.50","3.40","64","64","1.20","1.60","2.20","3660","1160","108","11.50","7.50","44","26","92","Industrial","No","175"
"AONS62618","Full Production","DFN5x6-8L","Single","N","60","20","44","56","4.70","6.30","44","21","1.30","1.80","2.30","2520","670","65","8.50",,,"22","80","Industrial","No","150"
"AONS62814T","Full Production","DFN5x6-8L","Single","N","80","20","100","258","2.60",,"68",,"2.10","2.60","3.20","4940","770","40","14",,,"32","168","Industrial","No","175"
"AONS62920","Full Production","DFN5x6-8L","Single","N","100","20","48","113.50","6.30","7.60","65","30","1.30","1.75","2.30","4525","345","22.50","9",,,"32","162","Industrial","No","150"
"AONS62922","Full Production","DFN5x6-8L","Single","N","120","20","85","215","7","9","46","20","1.40","1.85","2.40","3295","360","9","5.50",,,"43","355","Industrial","No","150"
"AONS66402","Full Production","DFN5x6-8L","Single","N","40","20","85","119","1.60","2.30","75","33","1.30","1.80","2.30","5570","1035","75","5",,,"21","65","Industrial","No","150"
"AONS66405","Full Production","DFN5x6-8L","Single","N","40","20","310","215","0.95",,"118",,"2.40","2.90","3.40","9700","1530","100","7.60","24","75.50","26","106","Industrial","No","150"
"AONS66406","Full Production","DFN5x6-8L","Single","N","40","20","30","36.50","6.10","9.40","20","8.50","1.50","2","2.50","1480","245","13","3",,,"11","21","Industrial","No","150"
"AONS66407","Full Production","DFN5x6-8L","Single","N","40","20","310","215","0.85",,"116","51","1.20","1.75","2.30","9030","1550","110","8","14.50","98","26","102","Industrial","No","150"
"AONS66408","Full Production","DFN5x6-8L","Single","N","40","20","85","48","3.10","4.40","36.20","15.70","1.30","1.80","2.30","2808","513","36","2.50","9","30","16","41","Industrial","No","150"
"AONS66415","Full Production","DFN5x6-8L","Single","N","40","20","150","131","2.90",,"34",,"2.40","3","3.60","3030","515","37","3.40","11.50","29","17","55","Industrial","No","150"
"AONS66520","Full Production","DFN5x6-8L","Single","N","150","20","100","215","9.50","12","44",,"1.60","2.10","2.60","3200","380","4.50","7","13","40","66","570","Industrial","No","150"
"AONS66521","Full Production","DFN5x6-8L","Single","N","150","20","100","215","9.80",,"32",,"3.50","4","4.50","2600","340","3.20","6.20","16","22.50","68","640","Industrial","No","150"
"AONS66524","Full Production","DFN5x6-8L","Single","N","150","20","56","119","16",,"23",,"2.50","3.10","3.70","1780","210","4","2.60","9","25.50","59","513","Industrial","No","150"
"AONS66609","Full Production","DFN5x6-8L","Single","N","60","20","304","215","1.25",,"90",,"2.10","2.70","3.30","6350","1800","55","21","19","70","35","150","Industrial","No","150"
"AONS66612","Full Production","DFN5x6-8L","Single","N","60","20","100","208","1.65",,"78",,"2.30","2.85","3.50","5300","1500","50","20",,,"30","135","Industrial","No","150"
"AONS66612T","Full Production","DFN5x6-8L","Single","N","60","20","100","250","1.65",,"78","20","2.30","2.85","3.50","5300","1500","50","20","18","40","30","135","Industrial","No","175"
"AONS66614","Full Production","DFN5x6-8L","Single","N","60","20","85","78","2.90","4.10","51","25","1.20","1.80","2.40","3310","745","30","8.50","11","43","22","73","Industrial","No","150"
"AONS66615","Full Production","DFN5x6-8L","Single","N","60","20","85","78","3.50",,"39",,"2.60","3.20","3.80","2710","740","23","10.50","13","31","24.50","88","Industrial","No","150"
"AONS66620","Full Production","DFN5x6-8L","Single","N","60","20","24","36.50","9",,"16",,"2.40","3","3.60","1070","310","12","3.60","10","18","18","58","Industrial","No","150"
"AONS66641","Full Production","DFN5x6-8L","Single","N","60","20","275","208","1.40",,"78",,"2.20","2.80","3.40","5300","1500","50","20","23","40","30","135","Industrial","No","150"
"AONS66811","Full Production","DFN5x6-8L","Single","N","80","20","200","258","2.10",,"77",,"2.60","3.20","3.80","5750","1580","30","15","19","45","35","175","Industrial","No","175"
"AONS66908","Full Production","DFN5x6-8L","Single","N","100","20","158","208","4.20","5.40","69","32","1.60","2.10","2.60","5117","1127","19","8","12.50","60","40","260","Industrial","No","150"
"AONS66909","Full Production","DFN5x6-8L","Single","N","100","20","160","208","4.20",,"52",,"2.50","3.10","3.70","4100","1110","13","8","16","36.50","38","260","Industrial","No","150"
"AONS66916","Full Production","DFN5x6-8L","Single","N","100","20","100","215","3.60",,"67",,"2.20","2.90","3.60","5325","1240","16","9","18","30","42","215","Industrial","No","150"
"AONS66917","Full Production","DFN5x6-8L","Single","N","100","20","100","215","3.50","5","80","35","1.70","2.20","2.80","5940","1475","24","11","16.50","46","43","208","Industrial","No","150"
"AONS66919","Full Production","DFN5x6-8L","Single","N","100","20","85","113","5.90","7.90","47","22","1.50","2","2.60","3400","1700","240","5","11","43","36","214","Industrial","No","150"
"AONS66920","Full Production","DFN5x6-8L","Single","N","100","20","48","56.50","8.20","10.70","35","16.70","1.50","2","2.50","2500","485","13","5","10","31","34","170","Industrial","No","150"
"AONS66923","Full Production","DFN5x6-8L","Single","N","100","20","47","48","10.80","14.80","25","12.50","1.60","2.10","2.60","1725","360","7.50","3.50",,,"41","156","Industrial","No","150"
"AONS67614","Full Production","DFN5x6-8L","Single","N","60","20","85","78","2.90","4.10","51","25","1.20","1.80","1.80","3310","745","30","8.50","11","43","22","73","Industrial","No","150"
"AOSD62666E","Full Production","SO8","Dual","N","60","20","9.50","2.50","14.50","19","13.50","6.50","1.20","1.70","2.20","755","220","20","3",,,"15","45","Industrial","Yes","150"
"AOSP62530","Full Production","SO8","Single","N","150","20","5","3.10","63","70","11.50","5.50","1.70","2.20","2.70","675","78","4","2.50","6","20","37","210","Industrial","No","150"
"AOSP62626E","Full Production","SO8","Single","N","60","20","11","3.10","13.50","18","15.20","7.30","1.20","1.70","2.30","900","220","20","2.80","6","21","15","45","Industrial","No","150"
"AOSP66406","Full Production","SO8","Single","N","40","20","17","3.10","6.60","10","20","8.50","1.50","2","2.50","1480","245","13","3",,,"11","21","Industrial","No","150"
"AOSP66919","Full Production","SO8","Single","N","100","20","16","3.10","6.50","8.50","47","22","1.50","2","2.60","3420","790","14","5","11","43","36","214","Industrial","No","150"
"AOSP66920","Full Production","SO8","Single","N","100","20","13.50","3.10","8.50","11","35","16.70","1.50","2","2.50","2500","485","13","5",,,"30","150","Industrial","No","150"
"AOSP66923","Full Production","SO8","Single","N","100","20","12","3.10","11","15","25","12.50","1.60","2.10","2.60","1725","360","7.50","3.50","10","31","33","120","Industrial","No","150"
"AOSP66925","Full Production","SO8","Single","N","100","20","11","3.10","12.50","16.80","23","11","1.60","2.10","2.60","1590","390","8","3.50","8","26","130","28","Industrial","No","150"
"AOSS62934","Full Production","SOT23","Single","N","100","20","2","1.40","140","180","3.80","1.80","1.70","2.20","2.70","250","19","2.50","0.80",,,"12","27","Industrial","No","150"
"AOT1404L","Full Production","TO220","Single","N","40","20","220","417","4.20",,"71",,"2.50","3.10","3.70","3568","1388","151","23","16","54","45","287","Industrial","No","175"
"AOT1608L","Full Production","TO220","Single","N","60","20","140","333","7.60",,"69",,"2.50","3.10","3.70","3069","721","56","21","18","47","40","355","Industrial","No","175"
"AOT2142L","Full Production","TO220","Single","N","40","20","120","312","1.90","2.50","100","45","1.30","1.80","2.30","8320","1438","85","7","11","38","26","83","Industrial","No","175"
"AOT2144L","Full Production","TO220","Single","N","40","20","120","187","2.30","4","68","28","1.40","1.90","2.40","5225","895","55","4.50",,,"20","60","Industrial","No","175"
"AOT2146L","Full Production","TO220","Single","N","40","20","105","119","2.80","3.90","50","20","1.50","1.95","2.50","3830","630","45","3",,,"18.50","50","Industrial","No","150"
"AOT240L","Full Production","TO220","Single","N","40","20","105","176","2.90","3.70","49","22","1","1.70","2.20","3510","1070","68","7","11","38","21","58","Industrial","No","175"
"AOT2500L","Full Production","TO220","Single","N","150","20","152","375","6.50",,"97",,"2.30","2.80","3.50","6460","586","22","17","18.50","67.50","90","1090","Industrial","No","175"
"AOT2606L","Full Production","TO220","Single","N","60","20","72","115","6.50",,"53","22","2.50","3","3.50","4050","345","16.80","5","18","33","26","125","Industrial","No","175"
"AOT260L","Full Production","TO220","Single","N","60","20","140","330","2.50",,"150",,"2.20","2.70","3.20","11800","1360","40","15","30","74","32","200","Industrial","No","175"
"AOT2610L","Full Production","TO220","Single","N","60","20","55","75","10.70","13.50","20.60","8.50","1.40","2","2.50","2007","177","12.50","2.20","8.50","27","19","69.50","Industrial","No","175"
"AOT2618L","Full Production","TO220","Single","N","60","20","23","41.50","19","25","14","6","1.40","1.95","2.50","950","108","7","1.60","7.50","18","20","70","Industrial","No","175"
"AOT262L","Full Production","TO220","Single","N","60","20","140","333","3",,"95",,"2.20","2.70","3.20","8140","1040","32","5","27","47","30","185","Industrial","No","175"
"AOT264L","Full Production","TO220","Single","N","60","20","140","333","3.20",,"75",,"2.20","2.70","3.20","6960","840","30","5","23","45","26","155","Industrial","No","175"
"AOT266L","Full Production","TO220","Single","N","60","20","140","268","3.50",,"65",,"2.20","2.70","3.20","5650","720","20","7","21","36","27","145","Industrial","No","175"
"AOT280L","Full Production","TO220","Single","N","80","20","140","333","2.70",,"160",,"2.40","2.75","3.40","11135","1315","80","28","30","75","44","348","Industrial","No","175"
"AOT282L","Full Production","TO220","Single","N","80","20","105","272.50","3.50",,"127","58","2.20","2.85","3.50","7765","960","66","21","24","55","40","320","Industrial","No","175"
"AOT284L","Full Production","TO220","Single","N","80","20","105","250","4.50",,"71","33.50","2.30","2.80","3.30","5154","673","48","11.50","18","38","38","230","Industrial","No","175"
"AOT286L","Full Production","TO220","Single","N","80","20","70","167","6",,"44.50",,"2.30","2.70","3.30","3142","435","43","8","13.50","32","29","161","Industrial","No","175"
"AOT288L","Full Production","TO220","Single","N","80","20","46","93.50","9.20",,"26.50",,"2.30","2.80","3.40","1871","265","14","4","11.50","21.50","32","162","Industrial","No","175"
"AOT290L","Full Production","TO220","Single","N","100","20","140","500","3.50",,"90",,"2.90","3.50","4.10","7180","2780","42","21","31","45","65","460","Industrial","No","175"
"AOT2910L","Full Production","TO220","Single","N","100","20","30","50","24","33","16.50","7","1.60","2.15","2.70","1190","95","7","2.50","7","20","30","145","Industrial","No","175"
"AOT292L","Full Production","TO220","Single","N","100","20","105","300","4.50",,"90",,"2.30","2.80","3.40","6775","557","32","13.50","20","48","50","380","Industrial","No","175"
"AOT296L","Full Production","TO220","Single","N","100","20","70","107","10",,"37","16.50","2.30","2.90","3.40","2785","238","12","5","13","29","35","210","Industrial","No","175"
"AOT410L","Full Production","TO220","Single","N","100","25","150","333","6.50",,"107",,"2","3","4","6622","594","215","40","28","43.50","27","177","Industrial","No","175"
"AOT412","Full Production","TO220","Single","N","100","25","60","150","15.80",,"45",,"2.60","3.20","3.80","2680","260","100","15","19","27","22","96","Industrial","No","175"
"AOT414","Full Production","TO220","Single","N","100","25","43","115","25",,"28",,"2","3.30","4","1770","165","55","10","12","17","20","82","Industrial","No","175"
"AOT430","Full Production","TO220","Single","N","75","25","80","268","11.50",,"114",,"2","2.70","4","4700","400","180","18","21","70","53","143","Industrial","No","175"
"AOT470","Full Production","TO220","Single","N","75","25","100","268","10.50",,"114",,"2","2.70","4","4700","400","180","18","21","70","53","143","Industrial","No","175"
"AOT480L","Full Production","TO220","Single","N","80","25","180","333","4.50",,"116",,"2","2.80","4","6520","810","310","38","31.50","46","28","132","Industrial","No","175"
"AOT482L","Full Production","TO220","Single","N","80","25","105","333","7.20",,"66.80",,"2.50","3.10","3.70","4054","458","160","20.20","26","48","26","108","Industrial","No","175"
"AOT66518L","Full Production","TO220","Single","N","150","20","120","375","5",,"80",,"2.70","3.20","3.70","6460","820","5","15","20","49","86","920","Industrial","No","175"
"AOT66613L","Full Production","TO220","Single","N","60","20","120","260","2.50",,"78",,"2.30","2.85","2.85","5300","1500","50","20","23","40","30","135","Industrial","No","150"
"AOT66616L","Full Production","TO220","Single","N","60","20","140","125","3.20",,"42.50",,"2.40","2.90","3.40","2870","940","38","10",,,"26","87","Industrial","No","150"
"AOT66620L","Full Production","TO220","Single","N","60","20","57","50","8.50",,"16",,"2.40","3","3.60","1070","310","12","3.60","10","18","18","58","Industrial","No","150"
"AOT66811L","Full Production","TO220","Single","N","80","20","120","310","3",,"77",,"2.60","3.20","3.80","5750","1580","30","15","19","45","35","175","Industrial","No","175"
"AOT66914L","Full Production","TO220","Single","N","100","20","120","375","2.70",,"155",,"2.50","3","3.50","12500","3190","55","31","36","90","55","335","Industrial","No","175"
"AOT66916L","Full Production","TO220","Single","N","100","20","120","277","3.60",,"78",,"2.50","2.95","3.50","6180","1660","29","15","24","52","45","287","Industrial","No","150"
"AOT66918L","Full Production","TO220","Single","N","100","20","120","375","5",,"75",,"2.70","3.20","3.70","6500","3200","30","15","26","53","80","790","Industrial","No","175"
"AOT66919L","Full Production","TO220","Single","N","100","20","105","187","6.80","8.80","47","22","1.50","2","2.60","3420","790","14","5","11","43","36","214","Industrial","No","175"
"AOT66920L","Full Production","TO220","Single","N","100","20","80","100","8","10.50","35","16.70","1.50","2","2.50","2500","485","13","5","10","31","34","170","Industrial","No","150"
"AOTF12N30","Full Production","TO220F","Single","N","300","30","11.50","36","420",,"12.80",,"3.40","4","4.50","632","90","7","4.30","18","36","170","1300","Industrial","No","150"
"AOTF20N40","Full Production","TO220F","Single","N","400","30","20","50","250",,"37",,"3","3.70","4.30","1898","212","15","12","44","96","285","3900","Industrial","No","150"
"AOTF2142L","Full Production","TO220F","Single","N","40","20","112","41","1.90","2.50","100","45","1.30","1.80","2.30","8320","1438","85","7",,,"26","83","Industrial","No","175"
"AOTF2144L","Full Production","TO220F","Single","N","40","20","90","32","2.30","4","68","28","1.40","1.90","2.40","5225","895","55","4.50",,,"20","60","Industrial","No","150"
"AOTF2146L","Full Production","TO220F","Single","N","40","20","80","29.50","2.80","3.90","50","20","1.50","1.95","2.50","3830","630","45","3",,,"18.50","50","Industrial","No","150"
"AOTF240L","Full Production","TO220F","Single","N","40","20","85","41","2.90","3.70","49","22","1","1.70","2.20","3510","1070","68","7","11","38","21","58","Industrial","No","175"
"AOTF256L","Full Production","TO220F","Single","N","150","20","12","33","85","100","15.50","7","1.80","2.25","2.80","1165","61.50","2.50","1.20","6.50","23","37","265","Industrial","No","175"
"AOTF2606L","Full Production","TO220F","Single","N","60","30","54","36.50","6.50",,"53","22","2.50","3","3.50","4050","345","16.80","5","18","33","26","125","Industrial","No","175"
"AOTF260L","Full Production","TO220F","Single","N","60","20","92","46.50","2.60",,"150",,"2.20","2.70","3.20","11800","1360","40","15","30","74","32","200","Industrial","No","175"
"AOTF2610L","Full Production","TO220F","Single","N","60","20","35","31","10.70","13.50","20.60","8.50","1.40","2","2.50","2007","177","12.50","2.20","8.50","27","19","69.50","Industrial","No","175"
"AOTF2618L","Full Production","TO220F","Single","N","60","20","22","23.50","19","25","14","6","1.40","1.95","2.50","950","108","7","1.60","7.50","18","20","70","Industrial","No","175"
"AOTF266L","Full Production","TO220F","Single","N","60","20","78","45.50","3.50",,"65",,"2.20","2.70","3.20","5650","720","20","7","21","36","27","145","Industrial","No","175"
"AOTF286L","Full Production","TO220F","Single","N","80","20","56","37.50","6",,"44.50",,"2.30","2.70","3.30","3142","435","43","8","13.50","32","29","161","Industrial","No","175"
"AOTF288L","Full Production","TO220F","Single","N","80","20","43","33.50","9.20",,"26.50",,"2.30","2.80","3.40","1871","265","14","4","11.50","21.50","32","162","Industrial","No","175"
"AOTF290L","Full Production","TO220F","Single","N","100","20","72","48","4.20",,"90",,"2.90","3.50","4.10","7180","2780","42","21","7","20","65","460","Industrial","No","175"
"AOTF2910L","Full Production","TO220F","Single","N","100","20","22","27","24","33","16.50","7","1.60","2.15","2.70","1190","95","7","2.50","7","20","30","145","Industrial","No","175"
"AOTF2916L","Full Production","TO220F","Single","N","100","20","17","23.50","34","43","12.50","5.50","1.60","2","2.70","870","68","3.50","2","7.50","23","20","88","Industrial","No","175"
"AOTF292L","Full Production","TO220F","Single","N","100","20","70","47","4.50",,"90",,"2.30","2.80","3.40","6775","557","32","13.50",,,"50","380","Industrial","No","175"
"AOTF4126","Full Production","TO220F","Single","N","100","25","27","42","24",,"28",,"2","3.30","4","1770","165","55","10","12","17","20","82","Industrial","No","175"
"AOTF454L","Full Production","TO220F","Single","N","150","20","13","41","94",,"15",,"3.40","4","4.60","820","70","22","4.40","10.50","14.50","32.50","230","Industrial","No","150"
"AOTF66613L","Full Production","TO220F","Single","N","60","20","90","34.50","2.50",,"78",,"2.30","2.85","2.85","5300","1500","50","20","23","40","30","135","Industrial","No","150"
"AOTF66616L","Full Production","TO220F","Single","N","60","20","72.50","30","3.30",,"42.50",,"2.40","2.90","3.40","2870","940","38","10",,,"26","87","Industrial","No","150"
"AOTF66811L","Full Production","TO220F","Single","N","80","20","80","34","3",,"77",,"2.60","3.20","3.80","5750","1580","30","15","19","45","35","175","Industrial","No","150"
"AOTF66919L","Full Production","TO220F","Single","N","100","20","50","32","6.50","8.50","47","22","1.50","2","2.60","3420","790","14","5","11","43","36","214","Industrial","No","150"
"AOTF66920L","Full Production","TO220F","Single","N","100","20","41","27.50","8.20","10.70","35","16.70","1.50","2","2.50","2500","485","13","5","10","31","34","170","Industrial","No","150"
"AOTL66401","Full Production","TOLLA","Single","N","40","20","400","300","0.70","0.95","240","100","1.30","1.80","2.30","19180","3110","180","22",,,"35","160","Industrial","No","175"
"AOTL66608","Full Production","TOLLA","Single","N","60","20","400","500","0.85",,"205",,"2.10","2.65","3.30","14200","4300","155","50","33","140","50","265","Industrial","No","175"
"AOTL66610","Full Production","TOLLA","Single","N","60","20","350","272","1.20",,"103",,"2.40","2.95","3.60","7625","2145","68","23","23.50","64","37","172","Industrial","No","175"
"AOTL66810","Full Production","TOLLA","Single","N","80","20","420","425","1.25",,"175",,"2.40","3","3.60","13000","3300","95","35","35","113","52","340","Industrial","No","175"
"AOTL66918","Full Production","TOLLA","Single","N","100","20","214","500","4.30",,"75",,"2.70","3.20","3.70","6500","3200","30","15","26","53","80","790","Industrial","No","175"
"AOUS66416","Full Production","UltraSO-8L","Single","N","40","20","69","73.50","3.30","5","31","13.50","1.40","1.95","2.50","2575","440","25","2","9.50","33","14","30","Industrial","No","150"
"AOW2500","Full Production","TO262","Single","N","150","20","152","375","6.20",,"97",,"2.30","2.80","3.50","6460","586","22","17","18.50","67.50","90","1090","Industrial","No","175"
"AOW482","Full Production","TO262","Single","N","80","25","105","333","7.20",,"66.80",,"2.50","3.10","3.70","4054","458","160","20.20","26","48","26","108","Industrial","No","175"
"AOW66412","Full Production","TO262","Single","N","40","20","120","260","1.90","2.50","45","45","1.30","1.80","2.30","8320","1438","85","7",,,"26","83","Industrial","No","150"
"AOW66613","Full Production","TO262","Single","N","60","20","120","260","2.50",,"78",,"2.30","2.85","3.50","5300","1500","50","20","23","40","30","135","Industrial","No","150"
"AOW66616","Full Production","TO262","Single","N","60","20","140","125","3.20",,"42.50",,"2.40","2.90","3.40","2870","940","38","10",,,"26","87","Industrial","No","150"
"AOWF412","Full Production","TO262F","Single","N","100","25","30","33","15.80",,"45",,"2.60","3.20","3.80","2680","280","100","15","19","27","22","96","Industrial","No","175"
"AOY2610E","Full Production","TO251B","Single","N","60","20","46","59.50","9.50","13.30","14.50","7","1.40","1.80","2.40","1100","300","28","3.50",,,"19","65","Industrial","No","150"
"AOY66620","Full Production","TO251B","Single","N","60","20","58","52","8.50",,"16",,"2.40","3","3.60","1070","310","12","3.60","10","18","18","58","Industrial","No","150"
"AOY66919","Full Production","TO251B","Single","N","100","20","70","156","6.50","8.50","47","22","1.50","2","2.60","3420","790","14","5","11","43","36","214","Industrial","No","150"
"AOY66920","Full Production","TO251B","Single","N","100","20","70","89","8.20","10.70","35","16.70","1.50","2","2.50","2500","485","13","5","10","31","34","170","Industrial","No","150"
"AOY66923","Full Production","TO251B","Single","N","100","20","58","73","11","15","25","12.50","1.60","2.10","2.60","1725","360","7.50","3.50","8.50","23","41","156","Industrial","No","150"
"AONR20485","Full Production","DFN3x3A-8L","Single","P","-40","20","-34","69","15","20","43","20","-1.20","-1.75","-2.30","2430","250","175","10","11","57.50","19","60","Industrial","No","150"
"AOTL66811","Full Production","TOLLA","Single","N","80","20","268","272","1.80",,"102",,"2.50","3.20","3.80","7680","2130","45","21","24","72","40","233","Industrial","No","175"
"AONS66817","Full Production","DFN5x6-8L","Single","N","80","20","120","113","4.10",,"38",,"2.50","3.10","3.80","2860","790","16","8.20","12.50","37","29","125","Industrial","No","150"
"AOTL66914","Full Production","TOLLA","Single","N","100","20","220","272","2.50",,"93",,"2.40","2.90","3.50","7100","1900","27","13","21","69","50","300","Industrial",,"175"
"AONS66814","Full Production","DFN5x6-8L","Single","N","80","20","310","500","2.40",,"66",,"2.60","3.20","3.80","5000","1290","25","12.50","17.50","43","35","192","Industrial",,"175"
"AONS66402T","Full Production","DFN5x6-8L","Single","N","40","20","224","142","1.60","2.30","75","33","1.30","1.80","2.30","5570","1035","75","5","13","48","21","65","Industrial",,"175"
"AONS66641T","Full Production","DFN5x6-8L","Single","N","60","20","325","325","1.40",,"78",,"2.20","2.80","3.40","5300","1500","50","20","23","40","30","135","Industrial",,"175"
"AONS66405T","Full Production","DFN5x6-8L","Single","N","40","20","385","258","0.95",,"118",,"2.40","2.90","3.40","9700","1530","100","7.60","24","75.50","26","106","Industrial",,"175"
"AOTL66915","Full Production","TOLLA","Single","N","100","20","339","428","1.70",,"185",,"1.80","2.30","2.80","16300","3220","33","17","32","141","61","520","Industrial",,"175"
"AONS66917T","Full Production","DFN5x6-8L","Single","N","100","20","185","258","3.50","5","80","35","1.70","2.20","2.80","5940","1475","24","11","16.50","46","43","208","Industrial",,"175"
"AOTL66215","Full Production","TOLLA","Single","N","120","20","305","500","2.30",,"185",,"2.30","2.80","3.30","16800","1270","25","14","39","115","72","863","Industrial",,"175"
"AOB66216L","Full Production","TO263","Single","N","120","20","120","375","4.80",,"190",,"2","2.50","3","16700","720","17","15","33","128","84","1180","Industrial",,"175"
"AONZ66412","Full Production","DFN5x6F-8L","Dual","N","40","20","182","147","2.40","3.80","40","18","1.30","1.80","2.30","3100","560","45","2.80","9.50","38","17","50","Industrial",,"150"
"AONA66916","Full Production","DFN5x6-8L","Single","N","100","20","197","300","3.40",,"66",,"2.40","3","3.60","5300","1500","26","12","15","46.50","43","280","Industrial",,"175"
"AOLF66412","Full Production","LFPAK5x6-4L","Single","N","40","20","352","375","1.50","2","85","35","1.30","1.80","2.30","6400","1100","100","6","12","45","20.50","65.50","Industrial",,"175"
"AOLF66413","Full Production","LFPAK5x6-4L","Single","N","40","20","374","375","1.50",,"80",,"2.40","3","3.60","7000","1100","95","8","22","50","22","82","Industrial",,"175"
"AOLF66417","Full Production","LFPAK5x6-4L","Single","N","40","20","200","214","2.60",,"43",,"2.50","3.15","3.80","3700","320","45","3","12","27","18","55","Industrial",,"175"
"AONS77402","Full Production","DFN5x6-8L","Single","N","40","20","335","278","1.50",,"53","25","1.30","1.80","2.30","3750","1620","50","11","8.80","31","28","100","Industrial",,"150"
"AONS66615T","Full Production","DFN5x6-8L","Single","N","60","20","114","93","3.50",,"39",,"2.60","3.20","3.50","2710","740","23","10.50","13","31","24.50","88","Industrial",,"175"
"AONS66609T","Full Production","DFN5x6-8L","Single","N","60","20","313","258","1.25",,"90",,"2.10","2.70","3.30","6350","1800","55","21","19","70","35","150","Industrial",,"175"
"AOD66643","Full Production","TO252","Single","N","60","20","70","156","2.50",,"68",,"2.20","2.80","3.40","4800","1300","36","15","16.50","45.50","32","132","Industrial",,"150"
"AONS68520","Full Production","DFN5x6-8L","Single","N","150","20","102","208","9.60",,"48",,"2.60","3.25","3.90","3440","490","10","9.50","15","30","68","82","Industrial",,"150"
"AONS66613","Full Production","DFN5x6-8L","Single","N","60","20","196","214","2.80",,"48",,"2.20","2.80","3.40","3300","965","22","11.50","12","27","25","80","Industrial",,"175"
"AOLF66910","Full Production","LFPAK5x6-4L","Single","N","100","20","187","375","4.70",,"47",,"2.40","3","3.60","3630","1080","20","8","13","36","40","240","Industrial",,"175"
"AOB66935L","Full Production","TO263","Single","N","100","20","180","500","2.80",,"170",,"2.10","2.65","3.20","15400","3100","80","15","40","112","60","550","Industrial",,"175"
"AONS66605","Full Production","DFN5x6-8L","Single","N","60","20","120","100","3.80","5","42","20","1.20","1.80","2.40","2485","520","17","6.60","8","30","19","53","Industrial",,"150"
"AONS66607","Full Production","DFN5x6-8L","Single","N","60","20","75","63","6","8","24","11","1.20","1.80","2.40","1525","320","10","4","6.80","22","16.50","45","Industrial",,"150"
"AON2392","Not for New Designs","DFN2x2-8L","Single","N","100","20","8","4.10","32","39","12.80","6.10","1.40","1.85","2.40","840","64","4","1.80",,,"20","70","Industrial","No","150"
"AOT12N40","Not for New Designs","TO220","Single","N","400","30","11","184","590",,"17",,"3.30","3.90","4.50","925","100","6.40","5.70","25","41","235","2400","Industrial","No","150"
"AOT20N25","Not for New Designs","TO220","Single","N","250","30","20","208","170",,"20",,"3.20","3.80","4.50","1028","167","11","8","27","70","179","1600","Industrial","No","150"
"AOT9N40","Not for New Designs","TO220","Single","N","400","30","8","132","800",,"13.10",,"3.40","4","4.50","630","73","5.70","4.80","17","25","195","1900","Industrial","No","150"
"AOB1100L","Obsolete","TO263","Single","N","100","20","130","500","11.70",,"82",,"2.60","3.20","3.80","4833","721","35","19","21","50","64","880","Industrial","No","175"
"AOB2140L","Obsolete","TO263","Single","N","40","20","195","272","1.50","2",,"54","1.30","1.80","2.30","9985","1635","95","11",,,"29","107","Industrial","No","175"
"AOB2502L","Obsolete","TO263","Single","N","150","20","106","277","10.70",,"43",,"3.50","4.30","5.10","3010","347","14","10","19","30","75","880","Industrial","No","150"
"AOB254L","Obsolete","TO263","Single","N","150","20","32","125","46","53","27","12","1.70","2.20","2.70","2150","110","4","3","9","29","51","434","Industrial","No","175"
"AOB2608L","Obsolete","TO263","Single","N","60","20","72","100","7.60",,"38.50",,"2.60","3.10","3.60","2995","270","10.50","3.50","15","25","24","115","Industrial","No","175"
"AOB270AL","Obsolete","TO263","Single","N","75","20","140","500","2.40",,"147",,"2.20","2.70","3.30","10830","1520","97","30","30","66","53","438","Industrial","No","175"
"AOB284L","Obsolete","TO263","Single","N","80","20","105","250","4.30",,,"33.50","2.30","2.80","3.30","5154","673","48","11.50","18","38","38","230","Industrial","No","175"
"AOB2904","Obsolete","TO263","Single","N","100","20","120","326","4.40",,,"93","2.30","2.75","3.30","7085","605","32","16",,,"49","460","Industrial","No","175"
"AOB2910L","Obsolete","TO263","Single","N","100","20","30","50","23.50","32.50",,"7","1.60","2.15","2.70","1190","95","7","2.50","7","20","30","145","Industrial","No","175"
"AOB296L","Obsolete","TO263","Single","N","100","20","70","107","9.70",,,"16.50","2.30","2.90","3.40","2785","238","12","5","13","29","35","210","Industrial","No","175"
"AOB416","Obsolete","TO263","Single","N","100","25","45","150","36",,"20",,"2.80","3.40","4","1180","110","36","6.30","10","15","19","70","Industrial","No","175"
"AOD242","Obsolete","TO252","Single","N","40","20","54","53.50","5.80","8.20",,"8","1.30","1.80","2.30","1350","405","26","2.30","6","23","15.50","31","Industrial","No","175"
"AOD254","Obsolete","TO252","Single","N","150","20","28","100","46","53",,"12","1.70","2.20","2.70","2150","110","4","3","9","29","51","434","Industrial","No","175"
"AOD450","Obsolete","TO252","Single","N","200","30","3.80","25","700",,"3.82",,"3","5","6","215","32","7.20","1.47","6.30","10.50","59","142","Industrial","No","150"
"AOK2500L","Obsolete","TO247","Single","N","150","20","180","500","6.20",,"97",,"2.30","2.80","3.50","6460","586","22","17","18.50","67.50","90","1090","Industrial","No","175"
"AOK60N30L","Obsolete","TO247","Single","N","300","30","60","658","560",,,"88","2.90","3.50","4.10","4438","593","38","28",,,"320","14.50","Industrial","No","150"
"AOL1240","Obsolete","UltraSO-8L","Single","N","40","20","69","125","3","4.40",,"18","1.30","1.80","2.30","3165","920","45.50","3.50","9","32","20.50","56","Industrial","No","175"
"AOL1242","Obsolete","UltraSO-8L","Single","N","40","20","69","68","5.20","7.90",,"8","1.30","1.80","2.30","1350","405","26","2.30","6","23","15.50","31","Industrial","No","175"
"AOL1454","Obsolete","UltraSO-8L","Single","N","40","20","50","60","9","13",,"10.50","1","2","3","1600","320","100","4.80","6.50","33","31","33","Industrial","Yes","175"
"AOL1454G","Obsolete","UltraSO-8L","Single","N","40","20","46","52","5.90","9.20",,"8.50","1.50","2","2.50","1480","245","13","3",,,"11","21","Industrial","No","150"
"AOL1482","Obsolete","UltraSO-8L","Single","N","100","20","28","75","37","42",,"18","1.60","2.10","2.70","1630","100","50","9","7","29","32","200","Industrial","No","175"
"AON6154","Obsolete","DFN5x6-8L","Single","N","45","20","100","125","1.50","2.10","86","38","1.40","1.85","2.40","6575","870","82","6","5","16","22","60","Industrial","No","150"
"AON6160","Obsolete","DFN5x6-8L","Single","N","60","20","100","215","1.58",,,"85","2.10","2.55","3.40","6485","1050","30","13",,,"33","176","Industrial","No","150"
"AON6232","Obsolete","DFN5x6-8L","Single","N","40","20","85","83","2.50","3.60",,"18.20","1.30","1.80","2.50","3165","905","52.50","2.80","8.70","33.50","22.50","59","Industrial","No","150"
"AON6440","Obsolete","DFN5x6-8L","Single","N","40","20","85","83","3.40","4.50",,"40","1.20","1.70","2.20","5000","780","300","15","13.70","54","16","38","Industrial","No","150"
"AON7242","Obsolete","DFN3.3x3.3-8L","Single","N","40","20","50","83","3.90","5.80",,"11.90","1.30","1.80","2.30","1970","540","41","2.20","7","23","16","47","Industrial","No","150"
"AON7446","Obsolete","DFN3x3A-8L","Single","N","60","20","8","16.70","145",,"4.40",,"2.20","2.70","3.30","237","25","9","1.10","4.50","15","7.70","13","Industrial","No","150"
"AON7462","Obsolete","DFN3x3A-8L","Single","N","300","30","2.50","25","1500",,"4.60",,"3.50","4.20","4.50","197","30","2","1.50","17","26","95","220","Industrial","No","150"
"AOT2140L","Obsolete","TO220","Single","N","40","20","195","272","1.50","2",,"54","1.30","1.80","2.30","9985","1635","95","11",,,"29","107","Industrial","No","175"
"AOT2502L","Obsolete","TO220","Single","N","150","20","106","277","11",,"43",,"3.50","4.30","5.10","3010","345","14","10","19","30","75","880","Industrial","No","150"
"AOT254L","Obsolete","TO220","Single","N","150","20","32","125","46","53","27","12","1.70","2.20","2.70","2150","110","4","3","9","29","51","434","Industrial","No","175"
"AOT2608L","Obsolete","TO220","Single","N","60","20","72","100","8",,"38.50",,"2.60","3.10","3.60","2995","270","10.50","3.50","15","25","24","115","Industrial","No","175"
"AOT270AL","Obsolete","TO220","Single","N","75","20","140","500","2.60",,"147",,"2.20","2.70","3.30","10830","1520","97","30","30","66","53","438","Industrial","No","175"
"AOT2904","Obsolete","TO220","Single","N","100","20","120","326","4.40",,,"93","2.30","2.75","3.30","7085","605","32","16",,,"49","460","Industrial","No","175"
"AOT2916L","Obsolete","TO220","Single","N","100","20","23","41.50","34","43.50",,"5.50","1.60","2","2.70","870","68","3.50","2","7.50","23","20","88","Industrial","No","175"
"AOT418L","Obsolete","TO220","Single","N","100","25","105","333","10",,"69",,"2.60","3.30","3.90","4334","382","131","22","21","38","27","129","Industrial","No","175"
"AOT460","Obsolete","TO220","Single","N","60","20","85","268","7.50",,,"33","2","2.95","4","3800","430","190","19","18","44","53","98","Industrial","No","175"
"AOTF296L","Obsolete","TO220F","Single","N","100","20","41","36.50","10",,"37",,"2.30","2.90","3.40","2785","238","12","5","13","29","35","210","Industrial","No","175"
"AOUS66414","Obsolete","UltraSO-8L","Single","N","40","20","92","92","2.20","3.20",,"35","1.30","1.80","2.30","4350","730","40","3.60","12","47","18","45","Industrial","No","150"
"AOUS66616","Obsolete","UltraSO-8L","Single","N","60","20","90","92.50","3.30",,,,"2.40","2.90","3.40","2870","940","38","10","14.50","33","26","87","Industrial","No","150"
"AOUS66620","Obsolete","UltraSO-8L","Single","N","60","20","46","52","9",,"16",,"2.40","3","3.60","1070","310","12","3.60","10","18","18","58","Industrial","No","150"
"AOUS66920","Obsolete","UltraSO-8L","Single","N","100","20","69","86","8.20","10.70",,"16.70","1.50","2","2.50","2500","485","13","5","10","31","34","170","Industrial","No","150"
"AOUS66923","Obsolete","UltraSO-8L","Single","N","100","20","58","73","11","15",,"12.50","1.60","2.10","2.60","1725","360","7.50","3.50",,,"41","156","Industrial","No","150"
"AOW2502","Obsolete","TO262","Single","N","150","20","106","277","10.70",,"43",,"3.50","4.30","5.10","3010","345","14","10","19","30","75","880","Industrial","No","150"
"AOW284","Obsolete","TO262","Single","N","80","20","105","250","4.30",,"71",,"2.30","2.80","3.30","5154","673","48","11.50","18","38","38","230","Industrial","No","175"
"AOW292","Obsolete","TO262","Single","N","100","20","105","300","4.10",,"90",,"2.30","2.80","3.40","6775","557","32","13.50","20","48","50","380","Industrial","No","175"
"AOW296","Obsolete","TO262","Single","N","100","20","70","104","9.70",,,"37","2.30","2.90","3.40","2785","238","12","5",,,"35","210","Industrial","No","150"
"AOWF296","Obsolete","TO262F","Single","N","100","20","37","26","9.70",,,"37","2.30","2.90","3.40","2785","238","12","5",,,"35","210","Industrial","No","150"