Product or Part number,VDS (V),PDF data sheet,HTML data sheet,VGS (V),Type,Configuration,Rds(on) at VGS=10 V (max) (mΩ),Rds(on) at VGS=4.5 V (max) (mΩ),ID - silicon limited at TC=25°C (A),ID - continuous drain current at TA=25°C (A),Power loss (W),Ploss current (A),Features,Operating temperature range (°C),Package type,Pin count,Package area (mm^2),Package size (L x W) (mm),Price|Quantity (USD),Status
"=HYPERLINK(""https://www.ti.com/product/CSD86356Q5D"", ""CSD86356Q5D"")",25,"=HYPERLINK(""https://www.ti.com/lit/gpn/CSD86356Q5D"", ""PDF data sheet"")","=HYPERLINK(""https://www.ti.com/document-viewer/CSD86356Q5D/datasheet"", ""HTML data sheet"")",10,Power block,PowerBlock,,,,40,2.8,25,Power supply,-55 to 150,VSON-CLIP,8,30,6 x 5,0.537,ACTIVE
"=HYPERLINK(""https://www.ti.com/product/CSD86336Q3D"", ""CSD86336Q3D"")",25,"=HYPERLINK(""https://www.ti.com/lit/gpn/CSD86336Q3D"", ""PDF data sheet"")","=HYPERLINK(""https://www.ti.com/document-viewer/CSD86336Q3D/datasheet"", ""HTML data sheet"")",10,Power block,PowerBlock,,,,20,1.8,15,Power supply,-55 to 150,VSON-CLIP,8,10.89,3.3 x 3.3,0.432,ACTIVE
"=HYPERLINK(""https://www.ti.com/product/CSD25501F3"", ""CSD25501F3"")",-20,"=HYPERLINK(""https://www.ti.com/lit/gpn/CSD25501F3"", ""PDF data sheet"")","=HYPERLINK(""https://www.ti.com/document-viewer/CSD25501F3/datasheet"", ""HTML data sheet"")",-20,P-channel,Single,,76,3.6,,,,,-55 to 150,PICOSTAR,3,0.414,0.69 x 0.6,0.041,ACTIVE
"=HYPERLINK(""https://www.ti.com/product/CSD18511KCS"", ""CSD18511KCS"")",40,"=HYPERLINK(""https://www.ti.com/lit/gpn/CSD18511KCS"", ""PDF data sheet"")","=HYPERLINK(""https://www.ti.com/document-viewer/CSD18511KCS/datasheet"", ""HTML data sheet"")",20,N-channel,Single,2.6,4.2,194,,,,,-55 to 175,TO-220,3,46.228,10.16 x 4.55,0.478,ACTIVE
"=HYPERLINK(""https://www.ti.com/product/CSD18511KTT"", ""CSD18511KTT"")",40,"=HYPERLINK(""https://www.ti.com/lit/gpn/CSD18511KTT"", ""PDF data sheet"")","=HYPERLINK(""https://www.ti.com/document-viewer/CSD18511KTT/datasheet"", ""HTML data sheet"")",20,N-channel,Single,2.6,4.2,194,,,,,-55 to 175,TO-263,2,153.416,10.16 x 15.1,0.518,ACTIVE
"=HYPERLINK(""https://www.ti.com/product/CSD87503Q3E"", ""CSD87503Q3E"")",30,"=HYPERLINK(""https://www.ti.com/lit/gpn/CSD87503Q3E"", ""PDF data sheet"")","=HYPERLINK(""https://www.ti.com/document-viewer/CSD87503Q3E/datasheet"", ""HTML data sheet"")",20,N-channel,Dual Common Source,16.9,21.9,10,,,,,-55 to 150,VSON,8,10.89,3.3 x 3.3,0.425,ACTIVE
"=HYPERLINK(""https://www.ti.com/product/CSD17318Q2"", ""CSD17318Q2"")",30,"=HYPERLINK(""https://www.ti.com/lit/gpn/CSD17318Q2"", ""PDF data sheet"")","=HYPERLINK(""https://www.ti.com/document-viewer/CSD17318Q2/datasheet"", ""HTML data sheet"")",10,N-channel,Single,,16.9,25,,,,,-55 to 150,WSON,6,4,2 x 2,0.079,ACTIVE
"=HYPERLINK(""https://www.ti.com/product/CSD22205L"", ""CSD22205L"")",-8,"=HYPERLINK(""https://www.ti.com/lit/gpn/CSD22205L"", ""PDF data sheet"")","=HYPERLINK(""https://www.ti.com/document-viewer/CSD22205L/datasheet"", ""HTML data sheet"")",-6,P-channel,Single,,9.9,7.4,,,,,-55 to 150,PICOSTAR,4,1.3456,1.16 x 1.16,0.125,ACTIVE
"=HYPERLINK(""https://www.ti.com/product/CSD22206W"", ""CSD22206W"")",-8,"=HYPERLINK(""https://www.ti.com/lit/gpn/CSD22206W"", ""PDF data sheet"")","=HYPERLINK(""https://www.ti.com/document-viewer/CSD22206W/datasheet"", ""HTML data sheet"")",-6,P-channel,Single,,5.7,5,,,,,-55 to 150,DSBGA,9,3.0625,1.75 x 1.75,0.168,ACTIVE
"=HYPERLINK(""https://www.ti.com/product/CSD88584Q5DC"", ""CSD88584Q5DC"")",40,"=HYPERLINK(""https://www.ti.com/lit/gpn/CSD88584Q5DC"", ""PDF data sheet"")","=HYPERLINK(""https://www.ti.com/document-viewer/CSD88584Q5DC/datasheet"", ""HTML data sheet"")",20,Power block,PowerBlock,,,,50,2.4,35,Motor control,-55 to 150,VSON-CLIP,22,30,6 x 5,1.355,ACTIVE
"=HYPERLINK(""https://www.ti.com/product/CSD88599Q5DC"", ""CSD88599Q5DC"")",60,"=HYPERLINK(""https://www.ti.com/lit/gpn/CSD88599Q5DC"", ""PDF data sheet"")","=HYPERLINK(""https://www.ti.com/document-viewer/CSD88599Q5DC/datasheet"", ""HTML data sheet"")",20,Power block,PowerBlock,,,,40,3,30,Motor control,-55 to 150,VSON-CLIP,22,30,6 x 5,1.5,ACTIVE
"=HYPERLINK(""https://www.ti.com/product/CSD87313DMS"", ""CSD87313DMS"")",30,"=HYPERLINK(""https://www.ti.com/lit/gpn/CSD87313DMS"", ""PDF data sheet"")","=HYPERLINK(""https://www.ti.com/document-viewer/CSD87313DMS/datasheet"", ""HTML data sheet"")",10,N-channel,Dual Common Drain,,5.5,17,,,,,-55 to 150,WSON-CLIP,8,10.89,3.3 x 3.3,0.46,ACTIVE
"=HYPERLINK(""https://www.ti.com/product/CSD18510Q5B"", ""CSD18510Q5B"")",40,"=HYPERLINK(""https://www.ti.com/lit/gpn/CSD18510Q5B"", ""PDF data sheet"")","=HYPERLINK(""https://www.ti.com/document-viewer/CSD18510Q5B/datasheet"", ""HTML data sheet"")",20,N-channel,Single,0.96,1.6,300,,,,,-55 to 150,VSON-CLIP,8,30,6 x 5,0.685,ACTIVE
"=HYPERLINK(""https://www.ti.com/product/CSD18510KCS"", ""CSD18510KCS"")",40,"=HYPERLINK(""https://www.ti.com/lit/gpn/CSD18510KCS"", ""PDF data sheet"")","=HYPERLINK(""https://www.ti.com/document-viewer/CSD18510KCS/datasheet"", ""HTML data sheet"")",20,N-channel,Single,1.7,2.6,274,,,,,-55 to 175,TO-220,3,46.228,10.16 x 4.55,0.655,ACTIVE
"=HYPERLINK(""https://www.ti.com/product/CSD18512Q5B"", ""CSD18512Q5B"")",40,"=HYPERLINK(""https://www.ti.com/lit/gpn/CSD18512Q5B"", ""PDF data sheet"")","=HYPERLINK(""https://www.ti.com/document-viewer/CSD18512Q5B/datasheet"", ""HTML data sheet"")",20,N-channel,Single,1.6,2.3,211,,,,,-55 to 150,VSON-CLIP,8,30,6 x 5,0.532,ACTIVE
"=HYPERLINK(""https://www.ti.com/product/CSD18543Q3A"", ""CSD18543Q3A"")",60,"=HYPERLINK(""https://www.ti.com/lit/gpn/CSD18543Q3A"", ""PDF data sheet"")","=HYPERLINK(""https://www.ti.com/document-viewer/CSD18543Q3A/datasheet"", ""HTML data sheet"")",20,N-channel,Single,9.9,15.6,60,,,,,-55 to 150,VSONP,8,10.89,3.3 x 3.3,0.209,ACTIVE
"=HYPERLINK(""https://www.ti.com/product/CSD18510KTT"", ""CSD18510KTT"")",40,"=HYPERLINK(""https://www.ti.com/lit/gpn/CSD18510KTT"", ""PDF data sheet"")","=HYPERLINK(""https://www.ti.com/document-viewer/CSD18510KTT/datasheet"", ""HTML data sheet"")",20,N-channel,Single,1.7,2.6,274,,,,,-55 to 175,TO-263,2,153.416,10.16 x 15.1,0.705,ACTIVE
"=HYPERLINK(""https://www.ti.com/product/CSD18511Q5A"", ""CSD18511Q5A"")",40,"=HYPERLINK(""https://www.ti.com/lit/gpn/CSD18511Q5A"", ""PDF data sheet"")","=HYPERLINK(""https://www.ti.com/document-viewer/CSD18511Q5A/datasheet"", ""HTML data sheet"")",20,N-channel,Single,2.3,3.5,159,,,,,-55 to 150,VSONP,8,29.4,4.9 x 6,0.318,ACTIVE
"=HYPERLINK(""https://www.ti.com/product/CSD18513Q5A"", ""CSD18513Q5A"")",40,"=HYPERLINK(""https://www.ti.com/lit/gpn/CSD18513Q5A"", ""PDF data sheet"")","=HYPERLINK(""https://www.ti.com/document-viewer/CSD18513Q5A/datasheet"", ""HTML data sheet"")",20,N-channel,Single,3.4,5.3,124,,,,,-55 to 150,VSONP,8,29.4,4.9 x 6,0.264,ACTIVE
"=HYPERLINK(""https://www.ti.com/product/CSD18514Q5A"", ""CSD18514Q5A"")",40,"=HYPERLINK(""https://www.ti.com/lit/gpn/CSD18514Q5A"", ""PDF data sheet"")","=HYPERLINK(""https://www.ti.com/document-viewer/CSD18514Q5A/datasheet"", ""HTML data sheet"")",20,N-channel,Single,4.9,7.9,89,,,,,-55 to 150,VSONP,8,29.4,4.9 x 6,0.221,ACTIVE
"=HYPERLINK(""https://www.ti.com/product/CSD13380F3"", ""CSD13380F3"")",12,"=HYPERLINK(""https://www.ti.com/lit/gpn/CSD13380F3"", ""PDF data sheet"")","=HYPERLINK(""https://www.ti.com/document-viewer/CSD13380F3/datasheet"", ""HTML data sheet"")",8,N-channel,Single,,76,3.6,,,,,-55 to 150,PICOSTAR,3,0.414,0.69 x 0.6,0.035,ACTIVE
"=HYPERLINK(""https://www.ti.com/product/CSD13385F5"", ""CSD13385F5"")",12,"=HYPERLINK(""https://www.ti.com/lit/gpn/CSD13385F5"", ""PDF data sheet"")","=HYPERLINK(""https://www.ti.com/document-viewer/CSD13385F5/datasheet"", ""HTML data sheet"")",8,N-channel,Single,,19,7.1,,,,,-55 to 150,PICOSTAR,3,1.0877,1.49 x 0.73,0.069,ACTIVE
"=HYPERLINK(""https://www.ti.com/product/CSD17585F5"", ""CSD17585F5"")",30,"=HYPERLINK(""https://www.ti.com/lit/gpn/CSD17585F5"", ""PDF data sheet"")","=HYPERLINK(""https://www.ti.com/document-viewer/CSD17585F5/datasheet"", ""HTML data sheet"")",20,N-channel,Single,27,33,5.9,,,,,-55 to 150,PICOSTAR,3,1.0877,1.49 x 0.73,0.069,ACTIVE
"=HYPERLINK(""https://www.ti.com/product/CSD17581Q3A"", ""CSD17581Q3A"")",30,"=HYPERLINK(""https://www.ti.com/lit/gpn/CSD17581Q3A"", ""PDF data sheet"")","=HYPERLINK(""https://www.ti.com/document-viewer/CSD17581Q3A/datasheet"", ""HTML data sheet"")",20,N-channel,Single,3.8,4.7,101,,,,,-55 to 150,VSONP,8,10.89,3.3 x 3.3,0.182,ACTIVE
"=HYPERLINK(""https://www.ti.com/product/CSD17581Q5A"", ""CSD17581Q5A"")",30,"=HYPERLINK(""https://www.ti.com/lit/gpn/CSD17581Q5A"", ""PDF data sheet"")","=HYPERLINK(""https://www.ti.com/document-viewer/CSD17581Q5A/datasheet"", ""HTML data sheet"")",20,N-channel,Single,3.4,4.2,123,,,,,-55 to 150,VSONP,8,29.4,4.9 x 6,0.199,ACTIVE
"=HYPERLINK(""https://www.ti.com/product/CSD23285F5"", ""CSD23285F5"")",-12,"=HYPERLINK(""https://www.ti.com/lit/gpn/CSD23285F5"", ""PDF data sheet"")","=HYPERLINK(""https://www.ti.com/document-viewer/CSD23285F5/datasheet"", ""HTML data sheet"")",-6,P-channel,Single,,35,3.3,,,,,-55 to 150,PICOSTAR,3,1.0877,1.49 x 0.73,0.075,ACTIVE
"=HYPERLINK(""https://www.ti.com/product/CSD25485F5"", ""CSD25485F5"")",-20,"=HYPERLINK(""https://www.ti.com/lit/gpn/CSD25485F5"", ""PDF data sheet"")","=HYPERLINK(""https://www.ti.com/document-viewer/CSD25485F5/datasheet"", ""HTML data sheet"")",-12,P-channel,Single,,42,3.2,,,,,-55 to 150,PICOSTAR,3,1.0877,1.49 x 0.73,0.075,ACTIVE
"=HYPERLINK(""https://www.ti.com/product/CSD19538Q2"", ""CSD19538Q2"")",100,"=HYPERLINK(""https://www.ti.com/lit/gpn/CSD19538Q2"", ""PDF data sheet"")","=HYPERLINK(""https://www.ti.com/document-viewer/CSD19538Q2/datasheet"", ""HTML data sheet"")",20,N-channel,Single,59,,13.1,,,,,-55 to 150,WSON,6,4,2 x 2,0.109,ACTIVE
"=HYPERLINK(""https://www.ti.com/product/CSD19538Q3A"", ""CSD19538Q3A"")",100,"=HYPERLINK(""https://www.ti.com/lit/gpn/CSD19538Q3A"", ""PDF data sheet"")","=HYPERLINK(""https://www.ti.com/document-viewer/CSD19538Q3A/datasheet"", ""HTML data sheet"")",20,N-channel,Single,61,,13.7,,,,,-55 to 150,VSONP,8,10.89,3.3 x 3.3,0.151,ACTIVE
"=HYPERLINK(""https://www.ti.com/product/CSD18541F5"", ""CSD18541F5"")",60,"=HYPERLINK(""https://www.ti.com/lit/gpn/CSD18541F5"", ""PDF data sheet"")","=HYPERLINK(""https://www.ti.com/document-viewer/CSD18541F5/datasheet"", ""HTML data sheet"")",20,N-channel,Single,65,75,2.2,,,,,-55 to 150,PICOSTAR,3,1.0877,1.49 x 0.73,0.064,ACTIVE
"=HYPERLINK(""https://www.ti.com/product/CSD15380F3"", ""CSD15380F3"")",20,"=HYPERLINK(""https://www.ti.com/lit/gpn/CSD15380F3"", ""PDF data sheet"")","=HYPERLINK(""https://www.ti.com/document-viewer/CSD15380F3/datasheet"", ""HTML data sheet"")",10,N-channel,Single,,1460,0.5,,,,,-55 to 150,PICOSTAR,3,0.414,0.69 x 0.6,0.032,ACTIVE
"=HYPERLINK(""https://www.ti.com/product/CSD23280F3"", ""CSD23280F3"")",-12,"=HYPERLINK(""https://www.ti.com/lit/gpn/CSD23280F3"", ""PDF data sheet"")","=HYPERLINK(""https://www.ti.com/document-viewer/CSD23280F3/datasheet"", ""HTML data sheet"")",-6,P-channel,Single,,116,1.8,,,,,-55 to 150,PICOSTAR,3,0.414,0.69 x 0.6,0.035,ACTIVE
"=HYPERLINK(""https://www.ti.com/product/CSD17382F4"", ""CSD17382F4"")",30,"=HYPERLINK(""https://www.ti.com/lit/gpn/CSD17382F4"", ""PDF data sheet"")","=HYPERLINK(""https://www.ti.com/document-viewer/CSD17382F4/datasheet"", ""HTML data sheet"")",10,N-channel,Single,,67,2.3,,,,,-55 to 150,PICOSTAR,3,0.657225,1.035 x 0.635,0.047,ACTIVE
"=HYPERLINK(""https://www.ti.com/product/CSD25480F3"", ""CSD25480F3"")",-20,"=HYPERLINK(""https://www.ti.com/lit/gpn/CSD25480F3"", ""PDF data sheet"")","=HYPERLINK(""https://www.ti.com/document-viewer/CSD25480F3/datasheet"", ""HTML data sheet"")",-12,P-channel,Single,,159,1.7,,,,,-55 to 150,PICOSTAR,3,0.414,0.69 x 0.6,0.035,ACTIVE
"=HYPERLINK(""https://www.ti.com/product/CSD18542KTT"", ""CSD18542KTT"")",60,"=HYPERLINK(""https://www.ti.com/lit/gpn/CSD18542KTT"", ""PDF data sheet"")","=HYPERLINK(""https://www.ti.com/document-viewer/CSD18542KTT/datasheet"", ""HTML data sheet"")",20,N-channel,Single,4,5.1,170,,,,,-55 to 175,TO-263,2,153.416,10.16 x 15.1,0.745,ACTIVE
"=HYPERLINK(""https://www.ti.com/product/CSD18535KTT"", ""CSD18535KTT"")",60,"=HYPERLINK(""https://www.ti.com/lit/gpn/CSD18535KTT"", ""PDF data sheet"")","=HYPERLINK(""https://www.ti.com/document-viewer/CSD18535KTT/datasheet"", ""HTML data sheet"")",20,N-channel,Single,2,2.9,279,,,,,-55 to 175,TO-263,2,153.416,10.16 x 15.1,1.077,ACTIVE
"=HYPERLINK(""https://www.ti.com/product/CSD18536KTT"", ""CSD18536KTT"")",60,"=HYPERLINK(""https://www.ti.com/lit/gpn/CSD18536KTT"", ""PDF data sheet"")","=HYPERLINK(""https://www.ti.com/document-viewer/CSD18536KTT/datasheet"", ""HTML data sheet"")",20,N-channel,Single,1.6,2.2,349,,,,,-55 to 175,TO-263,2,153.416,10.16 x 15.1,1.595,ACTIVE
"=HYPERLINK(""https://www.ti.com/product/CSD87355Q5D"", ""CSD87355Q5D"")",30,"=HYPERLINK(""https://www.ti.com/lit/gpn/CSD87355Q5D"", ""PDF data sheet"")","=HYPERLINK(""https://www.ti.com/document-viewer/CSD87355Q5D/datasheet"", ""HTML data sheet"")",10,Power block,PowerBlock,,,,45,2.8,25,Power supply,-55 to 150,LSON-CLIP,8,30,5 x 6,0.77,ACTIVE
"=HYPERLINK(""https://www.ti.com/product/CSD19505KTT"", ""CSD19505KTT"")",80,"=HYPERLINK(""https://www.ti.com/lit/gpn/CSD19505KTT"", ""PDF data sheet"")","=HYPERLINK(""https://www.ti.com/document-viewer/CSD19505KTT/datasheet"", ""HTML data sheet"")",20,N-channel,Single,3.1,,212,,,,,-55 to 175,TO-263,2,153.416,10.16 x 15.1,1.118,ACTIVE
"=HYPERLINK(""https://www.ti.com/product/CSD19506KTT"", ""CSD19506KTT"")",80,"=HYPERLINK(""https://www.ti.com/lit/gpn/CSD19506KTT"", ""PDF data sheet"")","=HYPERLINK(""https://www.ti.com/document-viewer/CSD19506KTT/datasheet"", ""HTML data sheet"")",20,N-channel,Single,2.3,,291,,,,,-55 to 175,TO-263,2,153.416,10.16 x 15.1,1.659,ACTIVE
"=HYPERLINK(""https://www.ti.com/product/CSD87335Q3D"", ""CSD87335Q3D"")",30,"=HYPERLINK(""https://www.ti.com/lit/gpn/CSD87335Q3D"", ""PDF data sheet"")","=HYPERLINK(""https://www.ti.com/document-viewer/CSD87335Q3D/datasheet"", ""HTML data sheet"")",10,Power block,PowerBlock,,,,25,1.5,15,Power supply,-55 to 150,LSON-CLIP,8,10.89,3.3 x 3.3,0.463,ACTIVE
"=HYPERLINK(""https://www.ti.com/product/CSD87502Q2"", ""CSD87502Q2"")",30,"=HYPERLINK(""https://www.ti.com/lit/gpn/CSD87502Q2"", ""PDF data sheet"")","=HYPERLINK(""https://www.ti.com/document-viewer/CSD87502Q2/datasheet"", ""HTML data sheet"")",20,N-channel,Dual,32.4,42,5,,,,,-55 to 150,WSON,6,4,2 x 2,0.114,ACTIVE
"=HYPERLINK(""https://www.ti.com/product/CSD85302L"", ""CSD85302L"")",20,"=HYPERLINK(""https://www.ti.com/lit/gpn/CSD85302L"", ""PDF data sheet"")","=HYPERLINK(""https://www.ti.com/document-viewer/CSD85302L/datasheet"", ""HTML data sheet"")",10,N-channel,Dual Common Drain,,24,7,,,,,-55 to 150,PICOSTAR,4,1.7161,1.31 x 1.31,0.118,ACTIVE
"=HYPERLINK(""https://www.ti.com/product/CSD19532KTT"", ""CSD19532KTT"")",100,"=HYPERLINK(""https://www.ti.com/lit/gpn/CSD19532KTT"", ""PDF data sheet"")","=HYPERLINK(""https://www.ti.com/document-viewer/CSD19532KTT/datasheet"", ""HTML data sheet"")",20,N-channel,Single,5.6,,136,,,,,-55 to 175,TO-263,2,153.416,10.16 x 15.1,0.783,ACTIVE
"=HYPERLINK(""https://www.ti.com/product/CSD25404Q3"", ""CSD25404Q3"")",-20,"=HYPERLINK(""https://www.ti.com/lit/gpn/CSD25404Q3"", ""PDF data sheet"")","=HYPERLINK(""https://www.ti.com/document-viewer/CSD25404Q3/datasheet"", ""HTML data sheet"")",-12,P-channel,Single,,6.5,-104,,,,,-55 to 150,VSON-CLIP,8,10.89,3.3 x 3.3,0.302,ACTIVE
"=HYPERLINK(""https://www.ti.com/product/CSD19537Q3"", ""CSD19537Q3"")",100,"=HYPERLINK(""https://www.ti.com/lit/gpn/CSD19537Q3"", ""PDF data sheet"")","=HYPERLINK(""https://www.ti.com/document-viewer/CSD19537Q3/datasheet"", ""HTML data sheet"")",20,N-channel,Single,14.5,,53,,,,,-55 to 150,VSON-CLIP,8,10.89,3.3 x 3.3,0.35,ACTIVE
"=HYPERLINK(""https://www.ti.com/product/CSD87334Q3D"", ""CSD87334Q3D"")",30,"=HYPERLINK(""https://www.ti.com/lit/gpn/CSD87334Q3D"", ""PDF data sheet"")","=HYPERLINK(""https://www.ti.com/document-viewer/CSD87334Q3D/datasheet"", ""HTML data sheet"")",10,Power block,PowerBlock,,,,20,1.6,12,"Motor control,Power supply",-55 to 150,VSON-CLIP,8,10.89,3.3 x 3.3,0.335,ACTIVE
"=HYPERLINK(""https://www.ti.com/product/CSD18542KCS"", ""CSD18542KCS"")",60,"=HYPERLINK(""https://www.ti.com/lit/gpn/CSD18542KCS"", ""PDF data sheet"")","=HYPERLINK(""https://www.ti.com/document-viewer/CSD18542KCS/datasheet"", ""HTML data sheet"")",20,N-channel,Single,4,5.1,170,,,,,-55 to 175,TO-220,3,46.228,10.16 x 4.55,0.7,ACTIVE
"=HYPERLINK(""https://www.ti.com/product/CSD17484F4"", ""CSD17484F4"")",30,"=HYPERLINK(""https://www.ti.com/lit/gpn/CSD17484F4"", ""PDF data sheet"")","=HYPERLINK(""https://www.ti.com/document-viewer/CSD17484F4/datasheet"", ""HTML data sheet"")",12,N-channel,Single,,128,3,,,,,-55 to 150,PICOSTAR,3,0.6,1 x 0.6,0.048,ACTIVE
"=HYPERLINK(""https://www.ti.com/product/CSD25484F4"", ""CSD25484F4"")",-20,"=HYPERLINK(""https://www.ti.com/lit/gpn/CSD25484F4"", ""PDF data sheet"")","=HYPERLINK(""https://www.ti.com/document-viewer/CSD25484F4/datasheet"", ""HTML data sheet"")",-12,P-channel,Single,,109,2.5,,,,,-55 to 150,PICOSTAR,3,0.6,1 x 0.6,0.053,ACTIVE
"=HYPERLINK(""https://www.ti.com/product/CSD18535KCS"", ""CSD18535KCS"")",60,"=HYPERLINK(""https://www.ti.com/lit/gpn/CSD18535KCS"", ""PDF data sheet"")","=HYPERLINK(""https://www.ti.com/document-viewer/CSD18535KCS/datasheet"", ""HTML data sheet"")",20,N-channel,Single,2,2.9,279,,,,,-55 to 175,TO-220,3,46.228,10.16 x 4.55,1.027,ACTIVE
"=HYPERLINK(""https://www.ti.com/product/CSD18536KCS"", ""CSD18536KCS"")",60,"=HYPERLINK(""https://www.ti.com/lit/gpn/CSD18536KCS"", ""PDF data sheet"")","=HYPERLINK(""https://www.ti.com/document-viewer/CSD18536KCS/datasheet"", ""HTML data sheet"")",20,N-channel,Single,1.6,2.2,349,,,,,-55 to 175,TO-220,3,46.228,10.16 x 4.55,1.555,ACTIVE
"=HYPERLINK(""https://www.ti.com/product/CSD19535KTT"", ""CSD19535KTT"")",100,"=HYPERLINK(""https://www.ti.com/lit/gpn/CSD19535KTT"", ""PDF data sheet"")","=HYPERLINK(""https://www.ti.com/document-viewer/CSD19535KTT/datasheet"", ""HTML data sheet"")",20,N-channel,Single,3.4,,197,,,,,-55 to 175,TO-263,2,153.416,10.16 x 15.1,1.118,ACTIVE
"=HYPERLINK(""https://www.ti.com/product/CSD19536KTT"", ""CSD19536KTT"")",100,"=HYPERLINK(""https://www.ti.com/lit/gpn/CSD19536KTT"", ""PDF data sheet"")","=HYPERLINK(""https://www.ti.com/document-viewer/CSD19536KTT/datasheet"", ""HTML data sheet"")",20,N-channel,Single,2.4,,272,,,,,-55 to 175,TO-263,2,153.416,10.16 x 15.1,1.659,ACTIVE
"=HYPERLINK(""https://www.ti.com/product/CSD22204W"", ""CSD22204W"")",-8,"=HYPERLINK(""https://www.ti.com/lit/gpn/CSD22204W"", ""PDF data sheet"")","=HYPERLINK(""https://www.ti.com/document-viewer/CSD22204W/datasheet"", ""HTML data sheet"")",-6,P-channel,Single,,9.9,5,,,,,-55 to 150,DSBGA,9,3.0625,1.75 x 1.75,0.135,ACTIVE
"=HYPERLINK(""https://www.ti.com/product/CSD13302W"", ""CSD13302W"")",12,"=HYPERLINK(""https://www.ti.com/lit/gpn/CSD13302W"", ""PDF data sheet"")","=HYPERLINK(""https://www.ti.com/document-viewer/CSD13302W/datasheet"", ""HTML data sheet"")",10,N-channel,Single,,17.1,1.6,,,,,-55 to 150,DSBGA,4,1.5625,1.25 x 1.25,0.07,ACTIVE
"=HYPERLINK(""https://www.ti.com/product/CSD13306W"", ""CSD13306W"")",12,"=HYPERLINK(""https://www.ti.com/lit/gpn/CSD13306W"", ""PDF data sheet"")","=HYPERLINK(""https://www.ti.com/document-viewer/CSD13306W/datasheet"", ""HTML data sheet"")",10,N-channel,Single,,10.2,3.5,,,,,-55 to 150,DSBGA,6,2.1875,1.75 x 1.25,0.101,ACTIVE
"=HYPERLINK(""https://www.ti.com/product/CSD17578Q5A"", ""CSD17578Q5A"")",30,"=HYPERLINK(""https://www.ti.com/lit/gpn/CSD17578Q5A"", ""PDF data sheet"")","=HYPERLINK(""https://www.ti.com/document-viewer/CSD17578Q5A/datasheet"", ""HTML data sheet"")",20,N-channel,Single,6.9,9.3,59,,,,,-55 to 150,VSONP,8,29.4,4.9 x 6,0.151,ACTIVE
"=HYPERLINK(""https://www.ti.com/product/CSD17579Q5A"", ""CSD17579Q5A"")",30,"=HYPERLINK(""https://www.ti.com/lit/gpn/CSD17579Q5A"", ""PDF data sheet"")","=HYPERLINK(""https://www.ti.com/document-viewer/CSD17579Q5A/datasheet"", ""HTML data sheet"")",20,N-channel,Single,9.7,13.3,46,,,,,-55 to 150,VSONP,8,29.4,4.9 x 6,0.136,ACTIVE
"=HYPERLINK(""https://www.ti.com/product/CSD19534KCS"", ""CSD19534KCS"")",100,"=HYPERLINK(""https://www.ti.com/lit/gpn/CSD19534KCS"", ""PDF data sheet"")","=HYPERLINK(""https://www.ti.com/document-viewer/CSD19534KCS/datasheet"", ""HTML data sheet"")",20,N-channel,Single,16.5,,54,,,,,-55 to 175,TO-220,3,46.228,10.16 x 4.55,0.418,ACTIVE
"=HYPERLINK(""https://www.ti.com/product/CSD87501L"", ""CSD87501L"")",30,"=HYPERLINK(""https://www.ti.com/lit/gpn/CSD87501L"", ""PDF data sheet"")","=HYPERLINK(""https://www.ti.com/document-viewer/CSD87501L/datasheet"", ""HTML data sheet"")",20,N-channel,Dual Common Drain,3.9,5.5,14,,,,,-55 to 150,PICOSTAR,10,4.9539,3.37 x 1.47,0.255,ACTIVE
"=HYPERLINK(""https://www.ti.com/product/CSD85301Q2"", ""CSD85301Q2"")",20,"=HYPERLINK(""https://www.ti.com/lit/gpn/CSD85301Q2"", ""PDF data sheet"")","=HYPERLINK(""https://www.ti.com/document-viewer/CSD85301Q2/datasheet"", ""HTML data sheet"")",10,N-channel,Dual,,27,5,,,,,-55 to 150,WSON,6,4,2 x 2,0.114,ACTIVE
"=HYPERLINK(""https://www.ti.com/product/CSD13383F4"", ""CSD13383F4"")",12,"=HYPERLINK(""https://www.ti.com/lit/gpn/CSD13383F4"", ""PDF data sheet"")","=HYPERLINK(""https://www.ti.com/document-viewer/CSD13383F4/datasheet"", ""HTML data sheet"")",10,N-channel,Single,,44,2.9,,,,,-55 to 150,PICOSTAR,3,0.657225,1.035 x 0.635,0.051,ACTIVE
"=HYPERLINK(""https://www.ti.com/product/CSD23203W"", ""CSD23203W"")",-8,"=HYPERLINK(""https://www.ti.com/lit/gpn/CSD23203W"", ""PDF data sheet"")","=HYPERLINK(""https://www.ti.com/document-viewer/CSD23203W/datasheet"", ""HTML data sheet"")",-6,P-channel,Single,,19.4,3,,,,,-55 to 150,DSBGA,6,2.1875,1.75 x 1.25,0.101,ACTIVE
"=HYPERLINK(""https://www.ti.com/product/CSD83325L"", ""CSD83325L"")",12,"=HYPERLINK(""https://www.ti.com/lit/gpn/CSD83325L"", ""PDF data sheet"")","=HYPERLINK(""https://www.ti.com/document-viewer/CSD83325L/datasheet"", ""HTML data sheet"")",10,N-channel,Dual Common Drain,,5.9,8,,,,,-55 to 150,PICOSTAR,6,2.3976,2.16 x 1.11,0.14,ACTIVE
"=HYPERLINK(""https://www.ti.com/product/CSD17578Q3A"", ""CSD17578Q3A"")",30,"=HYPERLINK(""https://www.ti.com/lit/gpn/CSD17578Q3A"", ""PDF data sheet"")","=HYPERLINK(""https://www.ti.com/document-viewer/CSD17578Q3A/datasheet"", ""HTML data sheet"")",20,N-channel,Single,7.3,9.4,54,,,,,-55 to 150,VSONP,8,10.89,3.3 x 3.3,0.132,ACTIVE
"=HYPERLINK(""https://www.ti.com/product/CSD17579Q3A"", ""CSD17579Q3A"")",30,"=HYPERLINK(""https://www.ti.com/lit/gpn/CSD17579Q3A"", ""PDF data sheet"")","=HYPERLINK(""https://www.ti.com/document-viewer/CSD17579Q3A/datasheet"", ""HTML data sheet"")",20,N-channel,Single,10.2,14.2,39,,,,,-55 to 150,VSONP,8,10.89,3.3 x 3.3,0.115,ACTIVE
"=HYPERLINK(""https://www.ti.com/product/CSD23202W10"", ""CSD23202W10"")",-12,"=HYPERLINK(""https://www.ti.com/lit/gpn/CSD23202W10"", ""PDF data sheet"")","=HYPERLINK(""https://www.ti.com/document-viewer/CSD23202W10/datasheet"", ""HTML data sheet"")",-6,P-channel,Single,,53,2.2,,,,,-55 to 150,DSBGA,4,1.5625,1.25 x 1.25,0.078,ACTIVE
"=HYPERLINK(""https://www.ti.com/product/CSD16570Q5B"", ""CSD16570Q5B"")",25,"=HYPERLINK(""https://www.ti.com/lit/gpn/CSD16570Q5B"", ""PDF data sheet"")","=HYPERLINK(""https://www.ti.com/document-viewer/CSD16570Q5B/datasheet"", ""HTML data sheet"")",20,N-channel,Single,0.59,0.82,456,,,,,-55 to 150,VSON-CLIP,8,30,6 x 5,0.652,ACTIVE
"=HYPERLINK(""https://www.ti.com/product/CSD17577Q3A"", ""CSD17577Q3A"")",30,"=HYPERLINK(""https://www.ti.com/lit/gpn/CSD17577Q3A"", ""PDF data sheet"")","=HYPERLINK(""https://www.ti.com/document-viewer/CSD17577Q3A/datasheet"", ""HTML data sheet"")",20,N-channel,Single,4.8,6.4,83,,,,,-55 to 150,VSONP,8,10.89,3.3 x 3.3,0.151,ACTIVE
"=HYPERLINK(""https://www.ti.com/product/CSD17577Q5A"", ""CSD17577Q5A"")",30,"=HYPERLINK(""https://www.ti.com/lit/gpn/CSD17577Q5A"", ""PDF data sheet"")","=HYPERLINK(""https://www.ti.com/document-viewer/CSD17577Q5A/datasheet"", ""HTML data sheet"")",20,N-channel,Single,4.2,5.8,83,,,,,-55 to 150,VSONP,8,29.4,4.9 x 6,0.167,ACTIVE
"=HYPERLINK(""https://www.ti.com/product/CSD75208W1015"", ""CSD75208W1015"")",-20,"=HYPERLINK(""https://www.ti.com/lit/gpn/CSD75208W1015"", ""PDF data sheet"")","=HYPERLINK(""https://www.ti.com/document-viewer/CSD75208W1015/datasheet"", ""HTML data sheet"")",-6,P-channel,Dual Common Source,,108,1.6,,,,,-55 to 150,DSBGA,6,2.1875,1.75 x 1.25,0.11,ACTIVE
"=HYPERLINK(""https://www.ti.com/product/CSD25304W1015"", ""CSD25304W1015"")",-20,"=HYPERLINK(""https://www.ti.com/lit/gpn/CSD25304W1015"", ""PDF data sheet"")","=HYPERLINK(""https://www.ti.com/document-viewer/CSD25304W1015/datasheet"", ""HTML data sheet"")",-8,P-channel,Single,,32.5,3,,,,,-55 to 150,DSBGA,6,2.1875,1.75 x 1.25,0.105,ACTIVE
"=HYPERLINK(""https://www.ti.com/product/CSD18509Q5B"", ""CSD18509Q5B"")",40,"=HYPERLINK(""https://www.ti.com/lit/gpn/CSD18509Q5B"", ""PDF data sheet"")","=HYPERLINK(""https://www.ti.com/document-viewer/CSD18509Q5B/datasheet"", ""HTML data sheet"")",20,N-channel,Single,1.2,1.7,299,,,,,-55 to 150,VSON-CLIP,8,30,6 x 5,0.755,ACTIVE
"=HYPERLINK(""https://www.ti.com/product/CSD18540Q5B"", ""CSD18540Q5B"")",60,"=HYPERLINK(""https://www.ti.com/lit/gpn/CSD18540Q5B"", ""PDF data sheet"")","=HYPERLINK(""https://www.ti.com/document-viewer/CSD18540Q5B/datasheet"", ""HTML data sheet"")",20,N-channel,Single,2.2,3.3,221,,,,,-55 to 175,VSON-CLIP,8,30,6 x 5,0.748,ACTIVE
"=HYPERLINK(""https://www.ti.com/product/CSD25202W15"", ""CSD25202W15"")",-20,"=HYPERLINK(""https://www.ti.com/lit/gpn/CSD25202W15"", ""PDF data sheet"")","=HYPERLINK(""https://www.ti.com/document-viewer/CSD25202W15/datasheet"", ""HTML data sheet"")",-6,P-channel,Single,,26,4,,,,,-55 to 150,DSBGA,9,3.0625,1.75 x 1.75,0.145,ACTIVE
"=HYPERLINK(""https://www.ti.com/product/CSD17573Q5B"", ""CSD17573Q5B"")",30,"=HYPERLINK(""https://www.ti.com/lit/gpn/CSD17573Q5B"", ""PDF data sheet"")","=HYPERLINK(""https://www.ti.com/document-viewer/CSD17573Q5B/datasheet"", ""HTML data sheet"")",20,N-channel,Single,1,1.45,332,,,,,-55 to 150,VSON-CLIP,8,30,6 x 5,0.476,ACTIVE
"=HYPERLINK(""https://www.ti.com/product/CSD17576Q5B"", ""CSD17576Q5B"")",30,"=HYPERLINK(""https://www.ti.com/lit/gpn/CSD17576Q5B"", ""PDF data sheet"")","=HYPERLINK(""https://www.ti.com/document-viewer/CSD17576Q5B/datasheet"", ""HTML data sheet"")",20,N-channel,Single,2,2.9,184,,,,,-55 to 150,VSON-CLIP,8,30,6 x 5,0.344,ACTIVE
"=HYPERLINK(""https://www.ti.com/product/CSD17575Q3"", ""CSD17575Q3"")",30,"=HYPERLINK(""https://www.ti.com/lit/gpn/CSD17575Q3"", ""PDF data sheet"")","=HYPERLINK(""https://www.ti.com/document-viewer/CSD17575Q3/datasheet"", ""HTML data sheet"")",20,N-channel,Single,2.3,3.2,182,,,,,-55 to 150,VSON-CLIP,8,10.89,3.3 x 3.3,0.281,ACTIVE
"=HYPERLINK(""https://www.ti.com/product/CSD23382F4"", ""CSD23382F4"")",-12,"=HYPERLINK(""https://www.ti.com/lit/gpn/CSD23382F4"", ""PDF data sheet"")","=HYPERLINK(""https://www.ti.com/document-viewer/CSD23382F4/datasheet"", ""HTML data sheet"")",-8,P-channel,Single,,76,3.5,,,,,-55 to 150,PICOSTAR,3,0.657225,1.035 x 0.635,0.049,ACTIVE
"=HYPERLINK(""https://www.ti.com/product/CSD19534Q5A"", ""CSD19534Q5A"")",100,"=HYPERLINK(""https://www.ti.com/lit/gpn/CSD19534Q5A"", ""PDF data sheet"")","=HYPERLINK(""https://www.ti.com/document-viewer/CSD19534Q5A/datasheet"", ""HTML data sheet"")",20,N-channel,Single,15.1,,44,,,,,-55 to 150,VSONP,8,29.4,4.9 x 6,0.275,ACTIVE
"=HYPERLINK(""https://www.ti.com/product/CSD87333Q3D"", ""CSD87333Q3D"")",30,"=HYPERLINK(""https://www.ti.com/lit/gpn/CSD87333Q3D"", ""PDF data sheet"")","=HYPERLINK(""https://www.ti.com/document-viewer/CSD87333Q3D/datasheet"", ""HTML data sheet"")",10,Power block,PowerBlock,,,,15,1.5,8,"Motor control,Power supply",-55 to 150,VSON-CLIP,8,10.89,3.3 x 3.3,0.283,ACTIVE
"=HYPERLINK(""https://www.ti.com/product/CSD17570Q5B"", ""CSD17570Q5B"")",30,"=HYPERLINK(""https://www.ti.com/lit/gpn/CSD17570Q5B"", ""PDF data sheet"")","=HYPERLINK(""https://www.ti.com/document-viewer/CSD17570Q5B/datasheet"", ""HTML data sheet"")",20,N-channel,Single,0.69,0.92,407,,,,,-55 to 150,VSON-CLIP,8,30,6 x 5,0.66,ACTIVE
"=HYPERLINK(""https://www.ti.com/product/CSD88537ND"", ""CSD88537ND"")",60,"=HYPERLINK(""https://www.ti.com/lit/gpn/CSD88537ND"", ""PDF data sheet"")","=HYPERLINK(""https://www.ti.com/document-viewer/CSD88537ND/datasheet"", ""HTML data sheet"")",20,N-channel,Dual,15,,16,,,,,-55 to 150,SOIC,8,29.4,4.9 x 6,0.364,ACTIVE
"=HYPERLINK(""https://www.ti.com/product/CSD88539ND"", ""CSD88539ND"")",60,"=HYPERLINK(""https://www.ti.com/lit/gpn/CSD88539ND"", ""PDF data sheet"")","=HYPERLINK(""https://www.ti.com/document-viewer/CSD88539ND/datasheet"", ""HTML data sheet"")",20,N-channel,Dual,28,,11.7,,,,,-55 to 150,SOIC,8,29.4,4.9 x 6,0.219,ACTIVE
"=HYPERLINK(""https://www.ti.com/product/CSD19501KCS"", ""CSD19501KCS"")",80,"=HYPERLINK(""https://www.ti.com/lit/gpn/CSD19501KCS"", ""PDF data sheet"")","=HYPERLINK(""https://www.ti.com/document-viewer/CSD19501KCS/datasheet"", ""HTML data sheet"")",20,N-channel,Single,6.6,,129,,,,,-55 to 175,TO-220,3,46.228,10.16 x 4.55,0.618,ACTIVE
"=HYPERLINK(""https://www.ti.com/product/CSD25310Q2"", ""CSD25310Q2"")",-20,"=HYPERLINK(""https://www.ti.com/lit/gpn/CSD25310Q2"", ""PDF data sheet"")","=HYPERLINK(""https://www.ti.com/document-viewer/CSD25310Q2/datasheet"", ""HTML data sheet"")",-8,P-channel,Single,,23.9,9.6,,,,,-55 to 150,WSON,6,4,2 x 2,0.087,ACTIVE
"=HYPERLINK(""https://www.ti.com/product/CSD19505KCS"", ""CSD19505KCS"")",80,"=HYPERLINK(""https://www.ti.com/lit/gpn/CSD19505KCS"", ""PDF data sheet"")","=HYPERLINK(""https://www.ti.com/document-viewer/CSD19505KCS/datasheet"", ""HTML data sheet"")",20,N-channel,Single,3.1,,208,,,,,-55 to 175,TO-220,3,46.228,10.16 x 4.55,1.073,ACTIVE
"=HYPERLINK(""https://www.ti.com/product/CSD19535KCS"", ""CSD19535KCS"")",100,"=HYPERLINK(""https://www.ti.com/lit/gpn/CSD19535KCS"", ""PDF data sheet"")","=HYPERLINK(""https://www.ti.com/document-viewer/CSD19535KCS/datasheet"", ""HTML data sheet"")",20,N-channel,Single,3.6,,187,,,,,-55 to 175,TO-220,3,46.228,10.16 x 4.55,1.073,ACTIVE
"=HYPERLINK(""https://www.ti.com/product/CSD19536KCS"", ""CSD19536KCS"")",100,"=HYPERLINK(""https://www.ti.com/lit/gpn/CSD19536KCS"", ""PDF data sheet"")","=HYPERLINK(""https://www.ti.com/document-viewer/CSD19536KCS/datasheet"", ""HTML data sheet"")",20,N-channel,Single,2.7,,259,,,,,-55 to 175,TO-220,3,46.228,10.16 x 4.55,1.609,ACTIVE
"=HYPERLINK(""https://www.ti.com/product/CSD13201W10"", ""CSD13201W10"")",12,"=HYPERLINK(""https://www.ti.com/lit/gpn/CSD13201W10"", ""PDF data sheet"")","=HYPERLINK(""https://www.ti.com/document-viewer/CSD13201W10/datasheet"", ""HTML data sheet"")",8,N-channel,Single,,34,1.6,,,,,-55 to 150,DSBGA,4,1.5625,1.25 x 1.25,0.071,ACTIVE
"=HYPERLINK(""https://www.ti.com/product/CSD19506KCS"", ""CSD19506KCS"")",80,"=HYPERLINK(""https://www.ti.com/lit/gpn/CSD19506KCS"", ""PDF data sheet"")","=HYPERLINK(""https://www.ti.com/document-viewer/CSD19506KCS/datasheet"", ""HTML data sheet"")",20,N-channel,Single,2.3,,273,,,,,-55 to 175,TO-220,3,46.228,10.16 x 4.55,1.609,ACTIVE
"=HYPERLINK(""https://www.ti.com/product/CSD19533KCS"", ""CSD19533KCS"")",100,"=HYPERLINK(""https://www.ti.com/lit/gpn/CSD19533KCS"", ""PDF data sheet"")","=HYPERLINK(""https://www.ti.com/document-viewer/CSD19533KCS/datasheet"", ""HTML data sheet"")",20,N-channel,Single,10.5,,86,,,,,-55 to 175,TO-220,3,46.228,10.16 x 4.55,0.524,ACTIVE
"=HYPERLINK(""https://www.ti.com/product/CSD19533Q5A"", ""CSD19533Q5A"")",100,"=HYPERLINK(""https://www.ti.com/lit/gpn/CSD19533Q5A"", ""PDF data sheet"")","=HYPERLINK(""https://www.ti.com/document-viewer/CSD19533Q5A/datasheet"", ""HTML data sheet"")",20,N-channel,Single,9.5,,75,,,,,-55 to 150,VSONP,8,29.4,4.9 x 6,0.409,ACTIVE
"=HYPERLINK(""https://www.ti.com/product/CSD25402Q3A"", ""CSD25402Q3A"")",-20,"=HYPERLINK(""https://www.ti.com/lit/gpn/CSD25402Q3A"", ""PDF data sheet"")","=HYPERLINK(""https://www.ti.com/document-viewer/CSD25402Q3A/datasheet"", ""HTML data sheet"")",-12,P-channel,Single,,8.9,-72,,,,,-55 to 150,VSONP,8,10.89,3.3 x 3.3,0.217,ACTIVE
"=HYPERLINK(""https://www.ti.com/product/CSD19503KCS"", ""CSD19503KCS"")",80,"=HYPERLINK(""https://www.ti.com/lit/gpn/CSD19503KCS"", ""PDF data sheet"")","=HYPERLINK(""https://www.ti.com/document-viewer/CSD19503KCS/datasheet"", ""HTML data sheet"")",20,N-channel,Single,9.2,,94,,,,,-55 to 175,TO-220,3,46.228,10.16 x 4.55,0.509,ACTIVE
"=HYPERLINK(""https://www.ti.com/product/CSD19502Q5B"", ""CSD19502Q5B"")",80,"=HYPERLINK(""https://www.ti.com/lit/gpn/CSD19502Q5B"", ""PDF data sheet"")","=HYPERLINK(""https://www.ti.com/document-viewer/CSD19502Q5B/datasheet"", ""HTML data sheet"")",20,N-channel,Single,4.1,,157,,,,,-55 to 150,VSON-CLIP,8,30,6 x 5,0.736,ACTIVE
"=HYPERLINK(""https://www.ti.com/product/CSD19532Q5B"", ""CSD19532Q5B"")",100,"=HYPERLINK(""https://www.ti.com/lit/gpn/CSD19532Q5B"", ""PDF data sheet"")","=HYPERLINK(""https://www.ti.com/document-viewer/CSD19532Q5B/datasheet"", ""HTML data sheet"")",20,N-channel,Single,4.9,,140,,,,,-55 to 150,VSON-CLIP,8,30,6 x 5,0.768,ACTIVE
"=HYPERLINK(""https://www.ti.com/product/CSD85312Q3E"", ""CSD85312Q3E"")",20,"=HYPERLINK(""https://www.ti.com/lit/gpn/CSD85312Q3E"", ""PDF data sheet"")",-,10,N-channel,Dual Common Source,,14,39,,,,,-55 to 150,VSON,8,10.89,3.3 x 3.3,0.31,ACTIVE
"=HYPERLINK(""https://www.ti.com/product/CSD17571Q2"", ""CSD17571Q2"")",30,"=HYPERLINK(""https://www.ti.com/lit/gpn/CSD17571Q2"", ""PDF data sheet"")","=HYPERLINK(""https://www.ti.com/document-viewer/CSD17571Q2/datasheet"", ""HTML data sheet"")",20,N-channel,Single,24,29,7.6,,,,,-55 to 150,WSON,6,4,2 x 2,0.082,ACTIVE
"=HYPERLINK(""https://www.ti.com/product/CSD23381F4"", ""CSD23381F4"")",-12,"=HYPERLINK(""https://www.ti.com/lit/gpn/CSD23381F4"", ""PDF data sheet"")","=HYPERLINK(""https://www.ti.com/document-viewer/CSD23381F4/datasheet"", ""HTML data sheet"")",-8,P-channel,Single,,175,2.3,,,,,-55 to 150,PICOSTAR,3,0.657225,1.035 x 0.635,0.035,ACTIVE
"=HYPERLINK(""https://www.ti.com/product/CSD25483F4"", ""CSD25483F4"")",-20,"=HYPERLINK(""https://www.ti.com/lit/gpn/CSD25483F4"", ""PDF data sheet"")","=HYPERLINK(""https://www.ti.com/document-viewer/CSD25483F4/datasheet"", ""HTML data sheet"")",-12,P-channel,Single,,245,1.6,,,,,-55 to 150,PICOSTAR,3,0.657225,1.035 x 0.635,0.035,ACTIVE
"=HYPERLINK(""https://www.ti.com/product/CSD13202Q2"", ""CSD13202Q2"")",12,"=HYPERLINK(""https://www.ti.com/lit/gpn/CSD13202Q2"", ""PDF data sheet"")","=HYPERLINK(""https://www.ti.com/document-viewer/CSD13202Q2/datasheet"", ""HTML data sheet"")",8,N-channel,Single,,9.3,14.4,,,,,-55 to 150,WSON,6,4,2 x 2,0.089,ACTIVE
"=HYPERLINK(""https://www.ti.com/product/CSD87384M"", ""CSD87384M"")",30,"=HYPERLINK(""https://www.ti.com/lit/gpn/CSD87384M"", ""PDF data sheet"")","=HYPERLINK(""https://www.ti.com/document-viewer/CSD87384M/datasheet"", ""HTML data sheet"")",10,Power block,PowerBlock,,,,30,3.7,25,Power supply,-55 to 150,PTAB,5,17.5,5 x 3.5,0.558,ACTIVE
"=HYPERLINK(""https://www.ti.com/product/CSD25481F4"", ""CSD25481F4"")",-20,"=HYPERLINK(""https://www.ti.com/lit/gpn/CSD25481F4"", ""PDF data sheet"")","=HYPERLINK(""https://www.ti.com/document-viewer/CSD25481F4/datasheet"", ""HTML data sheet"")",-12,P-channel,Single,,105,2.5,,,,,-55 to 150,PICOSTAR,3,0.657225,1.035 x 0.635,0.048,ACTIVE
"=HYPERLINK(""https://www.ti.com/product/CSD13381F4"", ""CSD13381F4"")",12,"=HYPERLINK(""https://www.ti.com/lit/gpn/CSD13381F4"", ""PDF data sheet"")","=HYPERLINK(""https://www.ti.com/document-viewer/CSD13381F4/datasheet"", ""HTML data sheet"")",8,N-channel,Single,,180,2.1,,,,,-55 to 150,PICOSTAR,3,0.657225,1.035 x 0.635,0.034,ACTIVE
"=HYPERLINK(""https://www.ti.com/product/CSD17483F4"", ""CSD17483F4"")",30,"=HYPERLINK(""https://www.ti.com/lit/gpn/CSD17483F4"", ""PDF data sheet"")","=HYPERLINK(""https://www.ti.com/document-viewer/CSD17483F4/datasheet"", ""HTML data sheet"")",12,N-channel,Single,230,260,1.5,,,,,-55 to 150,PICOSTAR,3,0.657225,1.035 x 0.635,0.035,ACTIVE
"=HYPERLINK(""https://www.ti.com/product/CSD19531KCS"", ""CSD19531KCS"")",100,"=HYPERLINK(""https://www.ti.com/lit/gpn/CSD19531KCS"", ""PDF data sheet"")","=HYPERLINK(""https://www.ti.com/document-viewer/CSD19531KCS/datasheet"", ""HTML data sheet"")",20,N-channel,Single,7.7,,110,,,,,-55 to 175,TO-220,3,46.228,10.16 x 4.55,0.623,ACTIVE
"=HYPERLINK(""https://www.ti.com/product/CSD19531Q5A"", ""CSD19531Q5A"")",100,"=HYPERLINK(""https://www.ti.com/lit/gpn/CSD19531Q5A"", ""PDF data sheet"")","=HYPERLINK(""https://www.ti.com/document-viewer/CSD19531Q5A/datasheet"", ""HTML data sheet"")",20,N-channel,Single,6.4,,110,,,,,-55 to 150,VSONP,8,29.4,4.9 x 6,0.518,ACTIVE
"=HYPERLINK(""https://www.ti.com/product/CSD15571Q2"", ""CSD15571Q2"")",20,"=HYPERLINK(""https://www.ti.com/lit/gpn/CSD15571Q2"", ""PDF data sheet"")",-,20,N-channel,Single,15,19.2,10,,,,,-55 to 150,WSON,6,4,2 x 2,0.082,ACTIVE
"=HYPERLINK(""https://www.ti.com/product/CSD13303W1015"", ""CSD13303W1015"")",12,"=HYPERLINK(""https://www.ti.com/lit/gpn/CSD13303W1015"", ""PDF data sheet"")",-,8,N-channel,Single,,20,3.5,,,,,-55 to 150,DSBGA,6,2.1875,1.75 x 1.25,0.104,ACTIVE
"=HYPERLINK(""https://www.ti.com/product/CSD18563Q5A"", ""CSD18563Q5A"")",60,"=HYPERLINK(""https://www.ti.com/lit/gpn/CSD18563Q5A"", ""PDF data sheet"")","=HYPERLINK(""https://www.ti.com/document-viewer/CSD18563Q5A/datasheet"", ""HTML data sheet"")",20,N-channel,Single,6.8,10.8,93,,,,,-55 to 150,VSONP,8,29.4,4.9 x 6,0.336,ACTIVE
"=HYPERLINK(""https://www.ti.com/product/CSD75207W15"", ""CSD75207W15"")",-20,"=HYPERLINK(""https://www.ti.com/lit/gpn/CSD75207W15"", ""PDF data sheet"")","=HYPERLINK(""https://www.ti.com/document-viewer/CSD75207W15/datasheet"", ""HTML data sheet"")",-6,P-channel,Dual Common Source,,27,3.9,,,,,-55 to 150,DSBGA,9,3.0625,1.75 x 1.75,0.15,ACTIVE
"=HYPERLINK(""https://www.ti.com/product/CSD22202W15"", ""CSD22202W15"")",-8,"=HYPERLINK(""https://www.ti.com/lit/gpn/CSD22202W15"", ""PDF data sheet"")","=HYPERLINK(""https://www.ti.com/document-viewer/CSD22202W15/datasheet"", ""HTML data sheet"")",-6,P-channel,Single,,12.2,10,,,,,-55 to 150,DSBGA,9,3.0625,1.75 x 1.75,0.143,ACTIVE
"=HYPERLINK(""https://www.ti.com/product/CSD25213W10"", ""CSD25213W10"")",-20,"=HYPERLINK(""https://www.ti.com/lit/gpn/CSD25213W10"", ""PDF data sheet"")",-,-6,P-channel,Single,,47,1.6,,,,,-55 to 150,DSBGA,4,1.5625,1.25 x 1.25,0.066,ACTIVE
"=HYPERLINK(""https://www.ti.com/product/CSD18537NKCS"", ""CSD18537NKCS"")",60,"=HYPERLINK(""https://www.ti.com/lit/gpn/CSD18537NKCS"", ""PDF data sheet"")","=HYPERLINK(""https://www.ti.com/document-viewer/CSD18537NKCS/datasheet"", ""HTML data sheet"")",20,N-channel,Single,14,,56,,,,,-55 to 175,TO-220,3,46.228,10.16 x 4.55,0.336,ACTIVE
"=HYPERLINK(""https://www.ti.com/product/CSD18537NQ5A"", ""CSD18537NQ5A"")",60,"=HYPERLINK(""https://www.ti.com/lit/gpn/CSD18537NQ5A"", ""PDF data sheet"")","=HYPERLINK(""https://www.ti.com/document-viewer/CSD18537NQ5A/datasheet"", ""HTML data sheet"")",20,N-channel,Single,13,,54,,,,,-55 to 150,VSONP,8,29.4,4.9 x 6,0.24,ACTIVE
"=HYPERLINK(""https://www.ti.com/product/CSD18532NQ5B"", ""CSD18532NQ5B"")",60,"=HYPERLINK(""https://www.ti.com/lit/gpn/CSD18532NQ5B"", ""PDF data sheet"")","=HYPERLINK(""https://www.ti.com/document-viewer/CSD18532NQ5B/datasheet"", ""HTML data sheet"")",20,N-channel,Single,3.4,,163,,,,,-55 to 150,VSON-CLIP,8,30,6 x 5,0.727,ACTIVE
"=HYPERLINK(""https://www.ti.com/product/CSD87381P"", ""CSD87381P"")",30,"=HYPERLINK(""https://www.ti.com/lit/gpn/CSD87381P"", ""PDF data sheet"")","=HYPERLINK(""https://www.ti.com/document-viewer/CSD87381P/datasheet"", ""HTML data sheet"")",10,Power block,PowerBlock,,,,15,1,8,Power supply,-55 to 150,PTAB,5,7.5,3 x 2.5,0.265,ACTIVE
"=HYPERLINK(""https://www.ti.com/product/CSD17381F4"", ""CSD17381F4"")",30,"=HYPERLINK(""https://www.ti.com/lit/gpn/CSD17381F4"", ""PDF data sheet"")","=HYPERLINK(""https://www.ti.com/document-viewer/CSD17381F4/datasheet"", ""HTML data sheet"")",12,N-channel,Single,109,117,3.1,,,,,-55 to 150,PICOSTAR,3,0.657225,1.035 x 0.635,0.045,ACTIVE
"=HYPERLINK(""https://www.ti.com/product/CSD87588N"", ""CSD87588N"")",30,"=HYPERLINK(""https://www.ti.com/lit/gpn/CSD87588N"", ""PDF data sheet"")","=HYPERLINK(""https://www.ti.com/document-viewer/CSD87588N/datasheet"", ""HTML data sheet"")",20,Power block,PowerBlock,,,,25,2.1,15,Power supply,-55 to 150,PTAB,5,12.5,5 x 2.5,0.407,ACTIVE
"=HYPERLINK(""https://www.ti.com/product/CSD17556Q5B"", ""CSD17556Q5B"")",30,"=HYPERLINK(""https://www.ti.com/lit/gpn/CSD17556Q5B"", ""PDF data sheet"")","=HYPERLINK(""https://www.ti.com/document-viewer/CSD17556Q5B/datasheet"", ""HTML data sheet"")",20,N-channel,Single,1.4,1.8,215,,,,,-55 to 150,VSON-CLIP,8,30,6 x 5,0.768,ACTIVE
"=HYPERLINK(""https://www.ti.com/product/CSD87351ZQ5D"", ""CSD87351ZQ5D"")",30,"=HYPERLINK(""https://www.ti.com/lit/gpn/CSD87351ZQ5D"", ""PDF data sheet"")","=HYPERLINK(""https://www.ti.com/document-viewer/CSD87351ZQ5D/datasheet"", ""HTML data sheet"")",10,Power block,PowerBlock,,,,32,2.5,20,Power supply,-55 to 150,LSON-CLIP,8,30,5 x 6,0.697,ACTIVE
"=HYPERLINK(""https://www.ti.com/product/CSD16556Q5B"", ""CSD16556Q5B"")",25,"=HYPERLINK(""https://www.ti.com/lit/gpn/CSD16556Q5B"", ""PDF data sheet"")","=HYPERLINK(""https://www.ti.com/document-viewer/CSD16556Q5B/datasheet"", ""HTML data sheet"")",20,N-channel,Single,1.07,1.5,263,,,,,-55 to 150,VSON-CLIP,8,30,6 x 5,0.75,ACTIVE
"=HYPERLINK(""https://www.ti.com/product/CSD18502Q5B"", ""CSD18502Q5B"")",40,"=HYPERLINK(""https://www.ti.com/lit/gpn/CSD18502Q5B"", ""PDF data sheet"")","=HYPERLINK(""https://www.ti.com/document-viewer/CSD18502Q5B/datasheet"", ""HTML data sheet"")",20,N-channel,Single,2.3,3.3,204,,,,,-55 to 150,VSON-CLIP,8,30,6 x 5,0.841,ACTIVE
"=HYPERLINK(""https://www.ti.com/product/CSD18532Q5B"", ""CSD18532Q5B"")",60,"=HYPERLINK(""https://www.ti.com/lit/gpn/CSD18532Q5B"", ""PDF data sheet"")","=HYPERLINK(""https://www.ti.com/document-viewer/CSD18532Q5B/datasheet"", ""HTML data sheet"")",20,N-channel,Single,3.2,4.3,172,,,,,-55 to 150,VSON-CLIP,8,30,6 x 5,0.73,ACTIVE
"=HYPERLINK(""https://www.ti.com/product/CSD17552Q5A"", ""CSD17552Q5A"")",30,"=HYPERLINK(""https://www.ti.com/lit/gpn/CSD17552Q5A"", ""PDF data sheet"")",-,20,N-channel,Single,6.2,7.5,88,,,,,-55 to 150,VSONP,8,29.4,4.9 x 6,0.299,ACTIVE
"=HYPERLINK(""https://www.ti.com/product/CSD17559Q5"", ""CSD17559Q5"")",30,"=HYPERLINK(""https://www.ti.com/lit/gpn/CSD17559Q5"", ""PDF data sheet"")","=HYPERLINK(""https://www.ti.com/document-viewer/CSD17559Q5/datasheet"", ""HTML data sheet"")",20,N-channel,Single,1.15,1.5,257,,,,,-55 to 150,VSON-CLIP,8,30,6 x 5,0.905,ACTIVE
"=HYPERLINK(""https://www.ti.com/product/CSD18504KCS"", ""CSD18504KCS"")",40,"=HYPERLINK(""https://www.ti.com/lit/gpn/CSD18504KCS"", ""PDF data sheet"")","=HYPERLINK(""https://www.ti.com/document-viewer/CSD18504KCS/datasheet"", ""HTML data sheet"")",20,N-channel,Single,7,10,89,,,,,-55 to 175,TO-220,3,46.228,10.16 x 4.55,0.446,ACTIVE
"=HYPERLINK(""https://www.ti.com/product/CSD18534Q5A"", ""CSD18534Q5A"")",60,"=HYPERLINK(""https://www.ti.com/lit/gpn/CSD18534Q5A"", ""PDF data sheet"")","=HYPERLINK(""https://www.ti.com/document-viewer/CSD18534Q5A/datasheet"", ""HTML data sheet"")",20,N-channel,Single,9.8,12.4,69,,,,,-55 to 150,VSONP,8,29.4,4.9 x 6,0.282,ACTIVE
"=HYPERLINK(""https://www.ti.com/product/CSD87312Q3E"", ""CSD87312Q3E"")",30,"=HYPERLINK(""https://www.ti.com/lit/gpn/CSD87312Q3E"", ""PDF data sheet"")",-,10,N-channel,Dual Common Source,,38,27,,,,,-55 to 150,VSON,8,10.89,3.3 x 3.3,0.43,ACTIVE
"=HYPERLINK(""https://www.ti.com/product/CSD17552Q3A"", ""CSD17552Q3A"")",30,"=HYPERLINK(""https://www.ti.com/lit/gpn/CSD17552Q3A"", ""PDF data sheet"")","=HYPERLINK(""https://www.ti.com/document-viewer/CSD17552Q3A/datasheet"", ""HTML data sheet"")",20,N-channel,Single,6,8.1,74,,,,,-55 to 150,VSONP,8,10.89,3.3 x 3.3,0.279,ACTIVE
"=HYPERLINK(""https://www.ti.com/product/CSD18503KCS"", ""CSD18503KCS"")",40,"=HYPERLINK(""https://www.ti.com/lit/gpn/CSD18503KCS"", ""PDF data sheet"")","=HYPERLINK(""https://www.ti.com/document-viewer/CSD18503KCS/datasheet"", ""HTML data sheet"")",20,N-channel,Single,4.5,6.8,142,,,,,-55 to 175,TO-220,3,46.228,10.16 x 4.55,0.575,ACTIVE
"=HYPERLINK(""https://www.ti.com/product/CSD17551Q3A"", ""CSD17551Q3A"")",30,"=HYPERLINK(""https://www.ti.com/lit/gpn/CSD17551Q3A"", ""PDF data sheet"")","=HYPERLINK(""https://www.ti.com/document-viewer/CSD17551Q3A/datasheet"", ""HTML data sheet"")",20,N-channel,Single,9,11.8,48,,,,,-55 to 150,VSONP,8,10.89,3.3 x 3.3,0.19,ACTIVE
"=HYPERLINK(""https://www.ti.com/product/CSD18533KCS"", ""CSD18533KCS"")",60,"=HYPERLINK(""https://www.ti.com/lit/gpn/CSD18533KCS"", ""PDF data sheet"")","=HYPERLINK(""https://www.ti.com/document-viewer/CSD18533KCS/datasheet"", ""HTML data sheet"")",20,N-channel,Single,6.3,9,118,,,,,-55 to 175,TO-220,3,46.228,10.16 x 4.55,0.507,ACTIVE
"=HYPERLINK(""https://www.ti.com/product/CSD18533Q5A"", ""CSD18533Q5A"")",60,"=HYPERLINK(""https://www.ti.com/lit/gpn/CSD18533Q5A"", ""PDF data sheet"")","=HYPERLINK(""https://www.ti.com/document-viewer/CSD18533Q5A/datasheet"", ""HTML data sheet"")",20,N-channel,Single,5.9,8.5,103,,,,,-55 to 150,VSONP,8,29.4,4.9 x 6,0.327,ACTIVE
"=HYPERLINK(""https://www.ti.com/product/CSD18534KCS"", ""CSD18534KCS"")",60,"=HYPERLINK(""https://www.ti.com/lit/gpn/CSD18534KCS"", ""PDF data sheet"")","=HYPERLINK(""https://www.ti.com/document-viewer/CSD18534KCS/datasheet"", ""HTML data sheet"")",20,N-channel,Single,9.5,13.3,73,,,,,-55 to 175,TO-220,3,46.228,10.16 x 4.55,0.384,ACTIVE
"=HYPERLINK(""https://www.ti.com/product/CSD86360Q5D"", ""CSD86360Q5D"")",25,"=HYPERLINK(""https://www.ti.com/lit/gpn/CSD86360Q5D"", ""PDF data sheet"")","=HYPERLINK(""https://www.ti.com/document-viewer/CSD86360Q5D/datasheet"", ""HTML data sheet"")",10,Power block,PowerBlock,,,,50,2.6,25,Power supply,-55 to 150,LSON-CLIP,8,30,5 x 6,0.811,ACTIVE
"=HYPERLINK(""https://www.ti.com/product/CSD18502KCS"", ""CSD18502KCS"")",40,"=HYPERLINK(""https://www.ti.com/lit/gpn/CSD18502KCS"", ""PDF data sheet"")","=HYPERLINK(""https://www.ti.com/document-viewer/CSD18502KCS/datasheet"", ""HTML data sheet"")",20,N-channel,Single,2.9,4.3,212,,,,,-55 to 175,TO-220,3,46.228,10.16 x 4.55,0.811,ACTIVE
"=HYPERLINK(""https://www.ti.com/product/CSD18532KCS"", ""CSD18532KCS"")",60,"=HYPERLINK(""https://www.ti.com/lit/gpn/CSD18532KCS"", ""PDF data sheet"")","=HYPERLINK(""https://www.ti.com/document-viewer/CSD18532KCS/datasheet"", ""HTML data sheet"")",20,N-channel,Single,4.2,5.3,169,,,,,-55 to 175,TO-220,3,46.228,10.16 x 4.55,0.7,ACTIVE
"=HYPERLINK(""https://www.ti.com/product/CSD17555Q5A"", ""CSD17555Q5A"")",30,"=HYPERLINK(""https://www.ti.com/lit/gpn/CSD17555Q5A"", ""PDF data sheet"")",-,20,N-channel,Single,2.7,3.4,116,,,,,-55 to 150,VSONP,8,29.4,4.9 x 6,0.516,ACTIVE
"=HYPERLINK(""https://www.ti.com/product/CSD17551Q5A"", ""CSD17551Q5A"")",30,"=HYPERLINK(""https://www.ti.com/lit/gpn/CSD17551Q5A"", ""PDF data sheet"")",-,20,N-channel,Single,8.8,11,48,,,,,-55 to 150,VSONP,8,29.4,4.9 x 6,0.26,ACTIVE
"=HYPERLINK(""https://www.ti.com/product/CSD18501Q5A"", ""CSD18501Q5A"")",40,"=HYPERLINK(""https://www.ti.com/lit/gpn/CSD18501Q5A"", ""PDF data sheet"")","=HYPERLINK(""https://www.ti.com/document-viewer/CSD18501Q5A/datasheet"", ""HTML data sheet"")",20,N-channel,Single,3.2,4.3,161,,,,,-55 to 150,VSONP,8,29.4,4.9 x 6,0.585,ACTIVE
"=HYPERLINK(""https://www.ti.com/product/CSD18503Q5A"", ""CSD18503Q5A"")",40,"=HYPERLINK(""https://www.ti.com/lit/gpn/CSD18503Q5A"", ""PDF data sheet"")","=HYPERLINK(""https://www.ti.com/document-viewer/CSD18503Q5A/datasheet"", ""HTML data sheet"")",20,N-channel,Single,4.3,6.2,120,,,,,-55 to 150,VSONP,8,29.4,4.9 x 6,0.46,ACTIVE
"=HYPERLINK(""https://www.ti.com/product/CSD18504Q5A"", ""CSD18504Q5A"")",40,"=HYPERLINK(""https://www.ti.com/lit/gpn/CSD18504Q5A"", ""PDF data sheet"")","=HYPERLINK(""https://www.ti.com/document-viewer/CSD18504Q5A/datasheet"", ""HTML data sheet"")",20,N-channel,Single,6.6,9.8,75,,,,,-55 to 150,VSONP,8,29.4,4.9 x 6,0.328,ACTIVE
"=HYPERLINK(""https://www.ti.com/product/CSD18531Q5A"", ""CSD18531Q5A"")",60,"=HYPERLINK(""https://www.ti.com/lit/gpn/CSD18531Q5A"", ""PDF data sheet"")","=HYPERLINK(""https://www.ti.com/document-viewer/CSD18531Q5A/datasheet"", ""HTML data sheet"")",20,N-channel,Single,4.6,5.8,134,,,,,-55 to 150,VSONP,8,29.4,4.9 x 6,0.445,ACTIVE
"=HYPERLINK(""https://www.ti.com/product/CSD17553Q5A"", ""CSD17553Q5A"")",30,"=HYPERLINK(""https://www.ti.com/lit/gpn/CSD17553Q5A"", ""PDF data sheet"")",-,20,N-channel,Single,3.1,4,100,,,,,-55 to 150,VSONP,8,29.4,4.9 x 6,0.408,ACTIVE
"=HYPERLINK(""https://www.ti.com/product/CSD16342Q5A"", ""CSD16342Q5A"")",25,"=HYPERLINK(""https://www.ti.com/lit/gpn/CSD16342Q5A"", ""PDF data sheet"")",-,10,N-channel,Single,,5.5,21,,,,,-55 to 150,VSONP,8,29.4,4.9 x 6,0.318,ACTIVE
"=HYPERLINK(""https://www.ti.com/product/CSD25211W1015"", ""CSD25211W1015"")",-20,"=HYPERLINK(""https://www.ti.com/lit/gpn/CSD25211W1015"", ""PDF data sheet"")","=HYPERLINK(""https://www.ti.com/document-viewer/CSD25211W1015/datasheet"", ""HTML data sheet"")",-6,P-channel,Single,,33,3.2,,,,,-55 to 150,DSBGA,6,2.1875,1.75 x 1.25,0.117,ACTIVE
"=HYPERLINK(""https://www.ti.com/product/CSD16327Q3"", ""CSD16327Q3"")",25,"=HYPERLINK(""https://www.ti.com/lit/gpn/CSD16327Q3"", ""PDF data sheet"")","=HYPERLINK(""https://www.ti.com/document-viewer/CSD16327Q3/datasheet"", ""HTML data sheet"")",10,N-channel,Single,,4.8,112,,,,,-55 to 150,VSON-CLIP,8,10.89,3.3 x 3.3,0.319,ACTIVE
"=HYPERLINK(""https://www.ti.com/product/CSD87330Q3D"", ""CSD87330Q3D"")",30,"=HYPERLINK(""https://www.ti.com/lit/gpn/CSD87330Q3D"", ""PDF data sheet"")","=HYPERLINK(""https://www.ti.com/document-viewer/CSD87330Q3D/datasheet"", ""HTML data sheet"")",10,Power block,PowerBlock,,,,20,2,15,Power supply,-55 to 150,VSON-CLIP,8,10.89,3.3 x 3.3,0.37,ACTIVE
"=HYPERLINK(""https://www.ti.com/product/CSD87331Q3D"", ""CSD87331Q3D"")",30,"=HYPERLINK(""https://www.ti.com/lit/gpn/CSD87331Q3D"", ""PDF data sheet"")","=HYPERLINK(""https://www.ti.com/document-viewer/CSD87331Q3D/datasheet"", ""HTML data sheet"")",10,Power block,PowerBlock,,,,15,1.3,10,Power supply,-55 to 150,LSON-CLIP,8,10.89,3.3 x 3.3,0.335,ACTIVE
"=HYPERLINK(""https://www.ti.com/product/CSD87353Q5D"", ""CSD87353Q5D"")",30,"=HYPERLINK(""https://www.ti.com/lit/gpn/CSD87353Q5D"", ""PDF data sheet"")","=HYPERLINK(""https://www.ti.com/document-viewer/CSD87353Q5D/datasheet"", ""HTML data sheet"")",10,Power block,PowerBlock,,,,40,3.3,25,"Motor control,Power supply",-55 to 150,LSON-CLIP,8,30,5 x 6,0.856,ACTIVE
"=HYPERLINK(""https://www.ti.com/product/CSD87352Q5D"", ""CSD87352Q5D"")",30,"=HYPERLINK(""https://www.ti.com/lit/gpn/CSD87352Q5D"", ""PDF data sheet"")","=HYPERLINK(""https://www.ti.com/document-viewer/CSD87352Q5D/datasheet"", ""HTML data sheet"")",10,Power block,PowerBlock,,,,25,1.8,15,Power supply,-55 to 150,LSON-CLIP,8,30,5 x 6,0.522,ACTIVE
"=HYPERLINK(""https://www.ti.com/product/CSD17322Q5A"", ""CSD17322Q5A"")",30,"=HYPERLINK(""https://www.ti.com/lit/gpn/CSD17322Q5A"", ""PDF data sheet"")",-,10,N-channel,Single,,12.4,87,,,,,-55 to 150,VSONP,8,29.4,4.9 x 6,0.298,ACTIVE
"=HYPERLINK(""https://www.ti.com/product/CSD17327Q5A"", ""CSD17327Q5A"")",30,"=HYPERLINK(""https://www.ti.com/lit/gpn/CSD17327Q5A"", ""PDF data sheet"")",-,10,N-channel,Single,,15.5,65,,,,,-55 to 150,VSONP,8,29.4,4.9 x 6,0.292,ACTIVE
"=HYPERLINK(""https://www.ti.com/product/CSD17522Q5A"", ""CSD17522Q5A"")",30,"=HYPERLINK(""https://www.ti.com/lit/gpn/CSD17522Q5A"", ""PDF data sheet"")",-,20,N-channel,Single,8.1,12.4,87,,,,,-55 to 150,VSONP,8,29.4,4.9 x 6,0.343,ACTIVE
"=HYPERLINK(""https://www.ti.com/product/CSD17527Q5A"", ""CSD17527Q5A"")",30,"=HYPERLINK(""https://www.ti.com/lit/gpn/CSD17527Q5A"", ""PDF data sheet"")",-,20,N-channel,Single,10.8,15.5,65,,,,,-55 to 150,VSONP,8,29.4,4.9 x 6,0.307,ACTIVE
"=HYPERLINK(""https://www.ti.com/product/CSD17501Q5A"", ""CSD17501Q5A"")",30,"=HYPERLINK(""https://www.ti.com/lit/gpn/CSD17501Q5A"", ""PDF data sheet"")",-,20,N-channel,Single,2.9,3.7,100,,,,,-55 to 150,VSONP,8,29.4,4.9 x 6,0.63,ACTIVE
"=HYPERLINK(""https://www.ti.com/product/CSD17506Q5A"", ""CSD17506Q5A"")",30,"=HYPERLINK(""https://www.ti.com/lit/gpn/CSD17506Q5A"", ""PDF data sheet"")",-,20,N-channel,Single,4,5.3,100,,,,,-55 to 150,VSONP,8,29.4,4.9 x 6,0.47,ACTIVE
"=HYPERLINK(""https://www.ti.com/product/CSD87351Q5D"", ""CSD87351Q5D"")",30,"=HYPERLINK(""https://www.ti.com/lit/gpn/CSD87351Q5D"", ""PDF data sheet"")","=HYPERLINK(""https://www.ti.com/document-viewer/CSD87351Q5D/datasheet"", ""HTML data sheet"")",10,Power block,PowerBlock,,,,32,2.5,20,Power supply,-55 to 150,LSON-CLIP,8,30,5 x 6,0.697,ACTIVE
"=HYPERLINK(""https://www.ti.com/product/CSD87350Q5D"", ""CSD87350Q5D"")",30,"=HYPERLINK(""https://www.ti.com/lit/gpn/CSD87350Q5D"", ""PDF data sheet"")","=HYPERLINK(""https://www.ti.com/document-viewer/CSD87350Q5D/datasheet"", ""HTML data sheet"")",10,Power block,PowerBlock,,,,40,3,25,Power supply,-55 to 150,LSON-CLIP,8,30,5 x 6,0.696,ACTIVE
"=HYPERLINK(""https://www.ti.com/product/CSD86330Q3D"", ""CSD86330Q3D"")",25,"=HYPERLINK(""https://www.ti.com/lit/gpn/CSD86330Q3D"", ""PDF data sheet"")","=HYPERLINK(""https://www.ti.com/document-viewer/CSD86330Q3D/datasheet"", ""HTML data sheet"")",10,Power block,PowerBlock,,,,20,1.9,15,Power supply,-55 to 150,LSON-CLIP,8,10.89,3.3 x 3.3,0.705,ACTIVE
"=HYPERLINK(""https://www.ti.com/product/CSD17505Q5A"", ""CSD17505Q5A"")",30,"=HYPERLINK(""https://www.ti.com/lit/gpn/CSD17505Q5A"", ""PDF data sheet"")",-,20,N-channel,Single,3.5,4.6,100,,,,,-55 to 150,VSONP,8,29.4,4.9 x 6,0.535,ACTIVE
"=HYPERLINK(""https://www.ti.com/product/CSD17507Q5A"", ""CSD17507Q5A"")",30,"=HYPERLINK(""https://www.ti.com/lit/gpn/CSD17507Q5A"", ""PDF data sheet"")","=HYPERLINK(""https://www.ti.com/document-viewer/CSD17507Q5A/datasheet"", ""HTML data sheet"")",20,N-channel,Single,10.8,16.1,65,,,,,-55 to 150,VSONP,8,29.4,4.9 x 6,0.232,ACTIVE
"=HYPERLINK(""https://www.ti.com/product/CSD17510Q5A"", ""CSD17510Q5A"")",30,"=HYPERLINK(""https://www.ti.com/lit/gpn/CSD17510Q5A"", ""PDF data sheet"")",-,20,N-channel,Single,5.2,7.3,55,,,,,-55 to 150,VSONP,8,29.4,4.9 x 6,0.35,ACTIVE
"=HYPERLINK(""https://www.ti.com/product/CSD17311Q5"", ""CSD17311Q5"")",30,"=HYPERLINK(""https://www.ti.com/lit/gpn/CSD17311Q5"", ""PDF data sheet"")",-,10,N-channel,Single,,2.3,100,,,,,-55 to 150,VSON-CLIP,8,30,6 x 5,0.642,ACTIVE
"=HYPERLINK(""https://www.ti.com/product/CSD17312Q5"", ""CSD17312Q5"")",30,"=HYPERLINK(""https://www.ti.com/lit/gpn/CSD17312Q5"", ""PDF data sheet"")",-,10,N-channel,Single,,1.7,100,,,,,-55 to 150,VSON-CLIP,8,30,6 x 5,0.73,ACTIVE
"=HYPERLINK(""https://www.ti.com/product/CSD86311W1723"", ""CSD86311W1723"")",25,"=HYPERLINK(""https://www.ti.com/lit/gpn/CSD86311W1723"", ""PDF data sheet"")",-,10,N-channel,Dual Common Source,,42,4.5,,,,,-55 to 150,DSBGA,12,3.9375,2.25 x 1.75,0.281,ACTIVE
"=HYPERLINK(""https://www.ti.com/product/CSD86350Q5D"", ""CSD86350Q5D"")",25,"=HYPERLINK(""https://www.ti.com/lit/gpn/CSD86350Q5D"", ""PDF data sheet"")","=HYPERLINK(""https://www.ti.com/document-viewer/CSD86350Q5D/datasheet"", ""HTML data sheet"")",10,Power block,PowerBlock,,,,40,2.8,25,Power supply,-55 to 150,LSON-CLIP,8,30,5 x 6,0.78,ACTIVE
"=HYPERLINK(""https://www.ti.com/product/CSD17304Q3"", ""CSD17304Q3"")",30,"=HYPERLINK(""https://www.ti.com/lit/gpn/CSD17304Q3"", ""PDF data sheet"")",-,10,N-channel,Single,,8.8,60,,,,,-55 to 150,VSON-CLIP,8,10.89,3.3 x 3.3,0.253,ACTIVE
"=HYPERLINK(""https://www.ti.com/product/CSD17309Q3"", ""CSD17309Q3"")",30,"=HYPERLINK(""https://www.ti.com/lit/gpn/CSD17309Q3"", ""PDF data sheet"")","=HYPERLINK(""https://www.ti.com/document-viewer/CSD17309Q3/datasheet"", ""HTML data sheet"")",10,N-channel,Single,,6.3,60,,,,,-55 to 150,VSON-CLIP,8,10.89,3.3 x 3.3,0.326,ACTIVE
"=HYPERLINK(""https://www.ti.com/product/CSD17303Q5"", ""CSD17303Q5"")",30,"=HYPERLINK(""https://www.ti.com/lit/gpn/CSD17303Q5"", ""PDF data sheet"")",-,10,N-channel,Single,,2.6,100,,,,,-55 to 150,VSON-CLIP,8,30,6 x 5,0.564,ACTIVE
"=HYPERLINK(""https://www.ti.com/product/CSD17313Q2"", ""CSD17313Q2"")",30,"=HYPERLINK(""https://www.ti.com/lit/gpn/CSD17313Q2"", ""PDF data sheet"")","=HYPERLINK(""https://www.ti.com/document-viewer/CSD17313Q2/datasheet"", ""HTML data sheet"")",10,N-channel,Single,,32,19,,,,,-55 to 150,WSON,6,4,2 x 2,0.107,ACTIVE
"=HYPERLINK(""https://www.ti.com/product/CSD17308Q3"", ""CSD17308Q3"")",30,"=HYPERLINK(""https://www.ti.com/lit/gpn/CSD17308Q3"", ""PDF data sheet"")","=HYPERLINK(""https://www.ti.com/document-viewer/CSD17308Q3/datasheet"", ""HTML data sheet"")",10,N-channel,Single,,11.8,50,,,,,-55 to 150,VSON-CLIP,8,10.89,3.3 x 3.3,0.242,ACTIVE
"=HYPERLINK(""https://www.ti.com/product/CSD16415Q5"", ""CSD16415Q5"")",25,"=HYPERLINK(""https://www.ti.com/lit/gpn/CSD16415Q5"", ""PDF data sheet"")","=HYPERLINK(""https://www.ti.com/document-viewer/CSD16415Q5/datasheet"", ""HTML data sheet"")",16,N-channel,Single,1.15,1.8,261,,,,,-55 to 150,VSON-CLIP,8,30,6 x 5,0.803,ACTIVE
"=HYPERLINK(""https://www.ti.com/product/CSD17302Q5A"", ""CSD17302Q5A"")",30,"=HYPERLINK(""https://www.ti.com/lit/gpn/CSD17302Q5A"", ""PDF data sheet"")",-,10,N-channel,Single,,9,87,,,,,-55 to 150,VSONP,8,29.4,4.9 x 6,0.295,ACTIVE
"=HYPERLINK(""https://www.ti.com/product/CSD17305Q5A"", ""CSD17305Q5A"")",30,"=HYPERLINK(""https://www.ti.com/lit/gpn/CSD17305Q5A"", ""PDF data sheet"")",-,10,N-channel,Single,,3.6,100,,,,,-55 to 150,VSONP,8,29.4,4.9 x 6,0.449,ACTIVE
"=HYPERLINK(""https://www.ti.com/product/CSD17306Q5A"", ""CSD17306Q5A"")",30,"=HYPERLINK(""https://www.ti.com/lit/gpn/CSD17306Q5A"", ""PDF data sheet"")",-,10,N-channel,Single,,4.2,100,,,,,-55 to 150,VSONP,8,29.4,4.9 x 6,0.382,ACTIVE
"=HYPERLINK(""https://www.ti.com/product/CSD17307Q5A"", ""CSD17307Q5A"")",30,"=HYPERLINK(""https://www.ti.com/lit/gpn/CSD17307Q5A"", ""PDF data sheet"")",-,10,N-channel,Single,,12.1,73,,,,,-55 to 150,VSONP,8,29.4,4.9 x 6,0.207,ACTIVE
"=HYPERLINK(""https://www.ti.com/product/CSD17310Q5A"", ""CSD17310Q5A"")",30,"=HYPERLINK(""https://www.ti.com/lit/gpn/CSD17310Q5A"", ""PDF data sheet"")",-,10,N-channel,Single,,5.9,100,,,,,-55 to 150,VSONP,8,29.4,4.9 x 6,0.275,ACTIVE
"=HYPERLINK(""https://www.ti.com/product/CSD17301Q5A"", ""CSD17301Q5A"")",30,"=HYPERLINK(""https://www.ti.com/lit/gpn/CSD17301Q5A"", ""PDF data sheet"")",-,10,N-channel,Single,,3,100,,,,,-55 to 150,VSONP,8,29.4,4.9 x 6,0.505,ACTIVE
"=HYPERLINK(""https://www.ti.com/product/CSD16340Q3"", ""CSD16340Q3"")",25,"=HYPERLINK(""https://www.ti.com/lit/gpn/CSD16340Q3"", ""PDF data sheet"")","=HYPERLINK(""https://www.ti.com/document-viewer/CSD16340Q3/datasheet"", ""HTML data sheet"")",10,N-channel,Single,,5.5,21,,,,,-55 to 150,VSON-CLIP,8,10.89,3.3 x 3.3,0.329,ACTIVE
"=HYPERLINK(""https://www.ti.com/product/CSD16408Q5"", ""CSD16408Q5"")",25,"=HYPERLINK(""https://www.ti.com/lit/gpn/CSD16408Q5"", ""PDF data sheet"")","=HYPERLINK(""https://www.ti.com/document-viewer/CSD16408Q5/datasheet"", ""HTML data sheet"")",16,N-channel,Single,4.5,6.8,113,,,,,-55 to 150,VSON-CLIP,8,30,6 x 5,0.437,ACTIVE
"=HYPERLINK(""https://www.ti.com/product/CSD16301Q2"", ""CSD16301Q2"")",25,"=HYPERLINK(""https://www.ti.com/lit/gpn/CSD16301Q2"", ""PDF data sheet"")","=HYPERLINK(""https://www.ti.com/document-viewer/CSD16301Q2/datasheet"", ""HTML data sheet"")",10,N-channel,Single,,29,20,,,,,-55 to 150,WSON,6,4,2 x 2,0.107,ACTIVE
"=HYPERLINK(""https://www.ti.com/product/CSD16322Q5"", ""CSD16322Q5"")",25,"=HYPERLINK(""https://www.ti.com/lit/gpn/CSD16322Q5"", ""PDF data sheet"")","=HYPERLINK(""https://www.ti.com/document-viewer/CSD16322Q5/datasheet"", ""HTML data sheet"")",10,N-channel,Single,,5.8,97,,,,,-55 to 150,VSON-CLIP,8,30,6 x 5,0.351,ACTIVE
"=HYPERLINK(""https://www.ti.com/product/CSD16325Q5"", ""CSD16325Q5"")",25,"=HYPERLINK(""https://www.ti.com/lit/gpn/CSD16325Q5"", ""PDF data sheet"")","=HYPERLINK(""https://www.ti.com/document-viewer/CSD16325Q5/datasheet"", ""HTML data sheet"")",10,N-channel,Single,,2.2,33,,,,,-55 to 150,VSON-CLIP,8,30,6 x 5,0.636,ACTIVE
"=HYPERLINK(""https://www.ti.com/product/CSD16323Q3"", ""CSD16323Q3"")",25,"=HYPERLINK(""https://www.ti.com/lit/gpn/CSD16323Q3"", ""PDF data sheet"")","=HYPERLINK(""https://www.ti.com/document-viewer/CSD16323Q3/datasheet"", ""HTML data sheet"")",10,N-channel,Single,,5.5,21,,,,,-55 to 150,VSON-CLIP,8,10.89,3.3 x 3.3,0.337,ACTIVE
"=HYPERLINK(""https://www.ti.com/product/CSD16321Q5"", ""CSD16321Q5"")",25,"=HYPERLINK(""https://www.ti.com/lit/gpn/CSD16321Q5"", ""PDF data sheet"")","=HYPERLINK(""https://www.ti.com/document-viewer/CSD16321Q5/datasheet"", ""HTML data sheet"")",10,N-channel,Single,,2.6,177,,,,,-55 to 150,VSON-CLIP,8,30,6 x 5,0.536,ACTIVE
"=HYPERLINK(""https://www.ti.com/product/CSD16411Q3"", ""CSD16411Q3"")",25,"=HYPERLINK(""https://www.ti.com/lit/gpn/CSD16411Q3"", ""PDF data sheet"")","=HYPERLINK(""https://www.ti.com/document-viewer/CSD16411Q3/datasheet"", ""HTML data sheet"")",16,N-channel,Single,10,15,56,,,,,-55 to 150,VSON-CLIP,8,10.89,3.3 x 3.3,0.239,ACTIVE
"=HYPERLINK(""https://www.ti.com/product/CSD16414Q5"", ""CSD16414Q5"")",25,"=HYPERLINK(""https://www.ti.com/lit/gpn/CSD16414Q5"", ""PDF data sheet"")",-,16,N-channel,Single,1.9,2.6,100,,,,,-55 to 150,VSON-CLIP,8,30,6 x 5,0.644,ACTIVE
"=HYPERLINK(""https://www.ti.com/product/CSD16401Q5"", ""CSD16401Q5"")",25,"=HYPERLINK(""https://www.ti.com/lit/gpn/CSD16401Q5"", ""PDF data sheet"")","=HYPERLINK(""https://www.ti.com/document-viewer/CSD16401Q5/datasheet"", ""HTML data sheet"")",16,N-channel,Single,1.6,2.3,261,,,,,-55 to 150,VSON-CLIP,8,30,6 x 5,0.84,ACTIVE
"=HYPERLINK(""https://www.ti.com/product/CSD16403Q5A"", ""CSD16403Q5A"")",25,"=HYPERLINK(""https://www.ti.com/lit/gpn/CSD16403Q5A"", ""PDF data sheet"")",-,16,N-channel,Single,2.8,3.7,100,,,,,-55 to 150,VSONP,8,29.4,4.9 x 6,0.505,ACTIVE
"=HYPERLINK(""https://www.ti.com/product/CSD16404Q5A"", ""CSD16404Q5A"")",25,"=HYPERLINK(""https://www.ti.com/lit/gpn/CSD16404Q5A"", ""PDF data sheet"")",-,16,N-channel,Single,5.1,7.2,81,,,,,-55 to 150,VSONP,8,29.4,4.9 x 6,0.305,ACTIVE
"=HYPERLINK(""https://www.ti.com/product/CSD16406Q3"", ""CSD16406Q3"")",25,"=HYPERLINK(""https://www.ti.com/lit/gpn/CSD16406Q3"", ""PDF data sheet"")","=HYPERLINK(""https://www.ti.com/document-viewer/CSD16406Q3/datasheet"", ""HTML data sheet"")",16,N-channel,Single,5.3,7.4,79,,,,,-55 to 150,VSON-CLIP,8,10.89,3.3 x 3.3,0.323,ACTIVE
"=HYPERLINK(""https://www.ti.com/product/CSD16407Q5"", ""CSD16407Q5"")",25,"=HYPERLINK(""https://www.ti.com/lit/gpn/CSD16407Q5"", ""PDF data sheet"")",-,16,N-channel,Single,2.4,3.3,100,,,,,-55 to 150,VSON-CLIP,8,30,6 x 5,0.567,ACTIVE
"=HYPERLINK(""https://www.ti.com/product/CSD16409Q3"", ""CSD16409Q3"")",25,"=HYPERLINK(""https://www.ti.com/lit/gpn/CSD16409Q3"", ""PDF data sheet"")",-,16,N-channel,Single,8.2,12.4,60,,,,,-55 to 150,VSON-CLIP,8,10.89,3.3 x 3.3,0.279,ACTIVE
"=HYPERLINK(""https://www.ti.com/product/CSD16410Q5A"", ""CSD16410Q5A"")",25,"=HYPERLINK(""https://www.ti.com/lit/gpn/CSD16410Q5A"", ""PDF data sheet"")",-,16,N-channel,Single,8.5,12,59,,,,,-55 to 150,VSONP,8,29.4,4.9 x 6,0.233,ACTIVE
"=HYPERLINK(""https://www.ti.com/product/CSD16412Q5A"", ""CSD16412Q5A"")",25,"=HYPERLINK(""https://www.ti.com/lit/gpn/CSD16412Q5A"", ""PDF data sheet"")",-,16,N-channel,Single,11,16,52,,,,,-55 to 150,VSONP,8,29.4,4.9 x 6,0.242,ACTIVE
"=HYPERLINK(""https://www.ti.com/product/CSD16413Q5A"", ""CSD16413Q5A"")",25,"=HYPERLINK(""https://www.ti.com/lit/gpn/CSD16413Q5A"", ""PDF data sheet"")",-,16,N-channel,Single,3.9,5.6,100,,,,,-55 to 150,VSONP,8,29.4,4.9 x 6,0.405,ACTIVE
