Part Number,Datasheet,Stock Check,Status,Configuration,Technology,Type,Package,MSL,AEC-Q,VDS (V),VGS ±(V),ID Max. (A),VGS(th) Min. (V),VGS(th) Typ. (V),VGS(th) Max. (V),RDS(ON) @ 10V Typ. (mΩ),RDS(ON) @ 10V Max. (mΩ),RDS(ON) @ 4.5V Typ. (mΩ),RDS(ON) @ 4.5V Max. (mΩ),Qg (nC) @ 10V,Qg (nC) @ 4.5V,Qgs (nC),Qgd (nC),Ciss (pF),Coss (pF),Crss (pF),TJ Max. (°C),RoHS Compliant,Halogen-Free Standard,Solderability Standard,Terminal Finish,Product Weight(g),Flammability Rating
TSM60NE285CH,https://services.taiwansemi.com/storage/resources/datasheet/TSM60NE285CH_B2407.pdf,https://www.taiwansemi.com/en/stock-check/TSM60NE285CH/,Active,Single,Super Junction G4,N-Channel,TO-251 (I-PAK),,No,600,30,15.0,4.0,4.8,6.0,259.0,285.0,,,22.0,,7.7,14.0,884.0,30.0,8.0,150,Yes with exemption 7(a),IEC 61249-2-21,J-STD-002,Matte Tin,0.39851,UL 94 V-0
TSM60NE285CP,https://services.taiwansemi.com/storage/resources/datasheet/TSM60NE285CP_B2407.pdf,https://www.taiwansemi.com/en/stock-check/TSM60NE285CP/,Active,Single,Super Junction G4,N-Channel,TO-252 (D-PAK),,No,600,30,15.0,4.0,4.8,6.0,259.0,285.0,,,22.0,,7.7,14.0,884.0,30.0,8.0,150,Yes with exemption 7(a),IEC 61249-2-21,J-STD-002,Matte Tin,0.39851,UL 94 V-0
TSM60NE048PW,https://services.taiwansemi.com/storage/resources/datasheet/TSM60NE048PW_B2407.pdf,https://www.taiwansemi.com/en/stock-check/TSM60NE048PW/,Active,Single,Super Junction G4,N-Channel,TO-247,,No,600,30,61.0,4.0,4.7,6.0,42.0,48.0,,,114.0,,39.0,62.0,5023.0,129.0,14.0,150,Yes with exemption 7(a),IEC 61249-2-21,J-STD-002,Matte Tin,0.39851,UL 94 V-0
TSM60NE285CIT,https://services.taiwansemi.com/storage/resources/datasheet/TSM60NE285CIT_B2407.pdf,https://www.taiwansemi.com/en/stock-check/TSM60NE285CIT/,Active,Single,Super Junction G4,N-Channel,ITO-220TL,,No,600,30,9.5,4.0,4.8,6.0,239.0,285.0,,,22.0,,7.5,12.0,894.0,30.0,7.0,150,Yes with exemption 7(a),IEC 61249-2-21,J-STD-002,Matte Tin,1.584,UL 94 V-0
TSM60NE145CIT,https://services.taiwansemi.com/storage/resources/datasheet/TSM60NE145CIT_B2407.pdf,https://www.taiwansemi.com/en/stock-check/TSM60NE145CIT/,Active,Single,Super Junction G4,N-Channel,ITO-220TL,,No,600,30,14.5,4.0,4.9,6.0,117.0,145.0,,,40.0,,12.0,22.0,1661.0,49.0,6.0,150,Yes with exemption 7(a),IEC 61249-2-21,J-STD-002,Matte Tin,1.584,
TSM60NE200CIT,https://services.taiwansemi.com/storage/resources/datasheet/TSM60NE200CIT_B2407.pdf,https://www.taiwansemi.com/en/stock-check/TSM60NE200CIT/,Active,Single,Super Junction G4,N-Channel,ITO-220TL,,No,600,30,12.0,4.0,4.8,6.0,168.0,200.0,,,30.0,,10.0,16.0,1238.0,40.0,7.0,150,Yes with exemption 7(a),IEC 61249-2-21,J-STD-002,Matte Tin,1.584,
TSM60NE069CIT,https://services.taiwansemi.com/storage/resources/datasheet/TSM60NE069CIT_B2407.pdf,https://www.taiwansemi.com/en/stock-check/TSM60NE069CIT/,Active,Single,Super Junction G4,N-Channel,ITO-220TL,,No,600,30,24.0,4.0,4.8,6.0,52.0,69.0,,,89.0,,23.0,50.0,3551.0,96.0,12.0,150,Yes with exemption 7(a),IEC 61249-2-21,J-STD-002,Matte Tin,1.584,
TSM60NE069PW,https://services.taiwansemi.com/storage/resources/datasheet/TSM60NE069PW_B2407.pdf,https://www.taiwansemi.com/en/stock-check/TSM60NE069PW/,Active,Single,Super Junction G4,N-Channel,TO-247,,No,600,30,51.0,4.0,4.8,6.0,55.0,69.0,,,86.0,,27.0,50.0,3566.0,99.0,6.0,150,Yes with exemption 7(a),IEC 61249-2-21,J-STD-002,Matte Tin,0.39851,UL 94 V-0
TSM60NE084CIT,https://services.taiwansemi.com/storage/resources/datasheet/TSM60NE084CIT_B2407.pdf,https://www.taiwansemi.com/en/stock-check/TSM60NE084CIT/,Active,Single,Super Junction G4,N-Channel,ITO-220TL,,No,600,30,21.0,4.0,4.8,6.0,67.0,84.0,,,69.0,,20.0,37.0,2930.0,80.0,10.0,150,Yes with exemption 7(a),IEC 61249-2-21,J-STD-002,Matte Tin,1.584,
TSM60NE084PW,https://services.taiwansemi.com/storage/resources/datasheet/TSM60NE084PW_B2407.pdf,https://www.taiwansemi.com/en/stock-check/TSM60NE084PW/,Active,Single,Super Junction G4,N-Channel,TO-247,,No,600,30,42.0,4.0,4.7,6.0,71.0,84.0,,,68.0,,23.0,37.0,2939.0,81.0,6.0,150,Yes with exemption 7(a),IEC 61249-2-21,J-STD-002,Matte Tin,0.39851,UL 94 V-0
TSM60NE110CIT,https://services.taiwansemi.com/storage/resources/datasheet/TSM60NE110CIT_B2407.pdf,https://www.taiwansemi.com/en/stock-check/TSM60NE110CIT/,Active,Single,Super Junction G4,N-Channel,ITO-220TL,,No,600,30,17.0,4.0,4.7,6.0,86.0,110.0,,,55.0,,16.0,28.0,2330.0,66.0,9.0,150,Yes with exemption 7(a),IEC 61249-2-21,J-STD-002,Matte Tin,1.584,
TSM60NE180CIT,https://services.taiwansemi.com/storage/resources/datasheet/TSM60NE180CIT_B2407.pdf,https://www.taiwansemi.com/en/stock-check/TSM60NE180CIT/,Active,Single,Super Junction G4,N-Channel,ITO-220TL,,No,600,30,13.0,4.0,5.3,6.0,150.0,180.0,,,34.0,,12.0,19.0,1417.0,42.0,8.0,150,Yes with exemption 7(a),IEC 61249-2-21,J-STD-002,Matte Tin,1.584,
TSM018NB03CR,https://services.taiwansemi.com/storage/resources/datasheet/TSM018NB03CR_A1910.pdf,https://www.taiwansemi.com/en/stock-check/TSM018NB03CR/,Active,Single,Trench,N-Channel,PDFN56,1.0,No,30,20,194.0,1.0,1.8,2.5,1.4,1.8,2.1,2.8,120.0,62.0,21.0,28.0,7252.0,1056.0,673.0,175,Yes with exemption 7(a),IEC 61249-2-21,J-STD-002,Matte Tin,0.097,UL 94 V-0
TSM019NH04CR,https://services.taiwansemi.com/storage/resources/datasheet/TSM019NH04CR_E2207.pdf,https://www.taiwansemi.com/en/stock-check/TSM019NH04CR/,Active,Single,PerFETTM,N-Channel,PDFN56U,1.0,No,40,20,100.0,2.4,3.0,3.6,1.3,1.9,,,89.0,,28.0,16.0,6029.0,1218.0,47.0,175,Yes with exemption 7(a),IEC 61249-2-21,J-STD-002,Matte Tin,0.0935,UL 94 V-0
TSM019NH04LCR,https://services.taiwansemi.com/storage/resources/datasheet/TSM019NH04LCR_E2207.pdf,https://www.taiwansemi.com/en/stock-check/TSM019NH04LCR/,Active,Single,PerFETTM,N-Channel,PDFN56U,1.0,No,40,16,100.0,1.4,1.8,2.2,1.3,1.9,1.6,2.7,104.0,49.0,19.0,15.0,6282.0,1204.0,63.0,175,Yes with exemption 7(a),IEC 61249-2-21,J-STD-002,Matte Tin,0.0935,UL 94 V-0
TSM025NB04CR,https://services.taiwansemi.com/storage/resources/datasheet/TSM025NB04CR_B1804.pdf,https://www.taiwansemi.com/en/stock-check/TSM025NB04CR/,Active,Single,Trench,N-Channel,PDFN56,1.0,No,40,20,161.0,2.0,2.8,4.0,1.8,2.5,,,113.0,,32.0,26.0,7150.0,675.0,332.0,175,Yes with exemption 7(a),IEC 61249-2-21,J-STD-002,Matte Tin,0.101429,UL 94 V-0
TSM025NB04LCR,https://services.taiwansemi.com/storage/resources/datasheet/TSM025NB04LCR_B1804.pdf,https://www.taiwansemi.com/en/stock-check/TSM025NB04LCR/,Active,Single,Trench,N-Channel,PDFN56,1.0,No,40,20,161.0,1.0,1.6,2.5,1.8,2.5,2.4,3.2,112.0,57.0,18.0,27.0,6435.0,675.0,388.0,175,Yes with exemption 7(a),IEC 61249-2-21,J-STD-002,Matte Tin,0.101429,UL 94 V-0
TSM025NH04CR,https://services.taiwansemi.com/storage/resources/datasheet/TSM025NH04CR_C2207.pdf,https://www.taiwansemi.com/en/stock-check/TSM025NH04CR/,Active,Single,PerFETTM,N-Channel,PDFN56U,1.0,No,40,20,100.0,2.4,3.0,3.6,1.8,2.5,,,59.0,,19.0,11.0,3794.0,785.0,31.0,175,Yes with exemption 7(a),IEC 61249-2-21,J-STD-002,Matte Tin,0.0935,UL 94 V-0
TSM025NH04LCR,https://services.taiwansemi.com/storage/resources/datasheet/TSM025NH04LCR_B2207.pdf,https://www.taiwansemi.com/en/stock-check/TSM025NH04LCR/,Active,Single,PerFETTM,N-Channel,PDFN56U,1.0,No,40,16,100.0,1.4,1.9,2.2,1.8,2.5,2.3,3.5,63.3,29.5,11.8,8.7,4179.0,769.0,43.0,175,Yes with exemption 7(a),IEC 61249-2-21,J-STD-002,Matte Tin,0.0935,UL 94 V-0
TSM032NH04CR,https://services.taiwansemi.com/storage/resources/datasheet/TSM032NH04CR_D2207.pdf,https://www.taiwansemi.com/en/stock-check/TSM032NH04CR/,Active,Single,PerFETTM,N-Channel,PDFN56U,1.0,No,40,20,81.0,2.4,3.0,3.6,2.7,3.2,,,45.0,,14.0,9.5,2896.0,562.0,32.0,175,Yes with exemption 7(a),IEC 61249-2-21,J-STD-002,Matte Tin,0.0935,UL 94 V-0
TSM032NH04LCR,https://services.taiwansemi.com/storage/resources/datasheet/TSM032NH04LCR_D2207.pdf,https://www.taiwansemi.com/en/stock-check/TSM032NH04LCR/,Active,Single,PerFETTM,N-Channel,PDFN56U,1.0,No,40,16,81.0,1.4,1.8,2.2,2.5,3.2,3.2,4.5,50.0,23.7,9.8,6.9,3007.0,562.0,34.0,175,Yes with exemption 7(a),IEC 61249-2-21,J-STD-002,Matte Tin,0.0935,UL 94 V-0
TSM033NB04CR,https://services.taiwansemi.com/storage/resources/datasheet/TSM033NB04CR_B1804.pdf,https://www.taiwansemi.com/en/stock-check/TSM033NB04CR/,Active,Single,Trench,N-Channel,PDFN56,1.0,No,40,20,121.0,2.0,2.9,4.0,2.4,3.3,,,77.0,,23.0,19.0,5022.0,484.0,250.0,175,Yes with exemption 7(a),IEC 61249-2-21,J-STD-002,Matte Tin,0.101429,UL 94 V-0
TSM033NB04LCR,https://services.taiwansemi.com/storage/resources/datasheet/TSM033NB04LCR_B1804.pdf,https://www.taiwansemi.com/en/stock-check/TSM033NB04LCR/,Active,Single,Trench,N-Channel,PDFN56,1.0,No,40,20,121.0,1.0,1.6,2.5,2.3,3.3,3.2,4.0,79.0,40.0,12.0,19.0,4456.0,475.0,276.0,175,Yes with exemption 7(a),IEC 61249-2-21,J-STD-002,Matte Tin,0.101429,UL 94 V-0
TSM035NB04CZ,https://services.taiwansemi.com/storage/resources/datasheet/TSM035NB04CZ_A2008.pdf,https://www.taiwansemi.com/en/stock-check/TSM035NB04CZ/,Active,Single,Trench,N-Channel,TO-220,,No,40,20,157.0,2.0,2.8,4.0,2.5,3.5,,,110.0,,33.0,26.0,6990.0,667.0,334.0,150,Yes with exemption 7(a),IEC 61249-2-21,J-STD-002,Matte Tin,2.024,UL 94 V-0
TSM035NB04LCZ,https://services.taiwansemi.com/storage/resources/datasheet/TSM035NB04LCZ_A2010.pdf,https://www.taiwansemi.com/en/stock-check/TSM035NB04LCZ/,Active,Single,Trench,N-Channel,TO-220,,No,40,20,157.0,1.0,1.7,2.5,2.5,3.5,3.2,4.2,111.0,56.0,20.0,25.0,6350.0,659.0,388.0,150,Yes with exemption 7(a),IEC 61249-2-21,J-STD-002,Matte Tin,2.052,UL 94 V-0
TSM036N03PQ56,https://services.taiwansemi.com/storage/resources/datasheet/TSM036N03PQ56_B1607.pdf,https://www.taiwansemi.com/en/stock-check/TSM036N03PQ56/,Active,Single,Trench,N-Channel,PDFN56,1.0,No,30,20,124.0,1.2,1.6,2.5,3.0,3.6,4.0,5.5,50.0,25.0,7.3,12.0,2530.0,376.0,249.0,150,Yes with exemption 7(a),IEC 61249-2-21,J-STD-002,Matte Tin,0.093916,UL 94 V-0
TSM038N03PQ33,https://services.taiwansemi.com/storage/resources/datasheet/TSM038N03PQ33_B1610.pdf,https://www.taiwansemi.com/en/stock-check/TSM038N03PQ33/,Active,Single,Trench,N-Channel,PDFN33,1.0,No,30,20,78.0,1.2,1.6,2.5,3.0,3.8,4.0,5.5,,24.0,6.9,11.0,2557.0,380.0,276.0,150,Yes,IEC 61249-2-21,J-STD-002,Matte Tin,0.028,UL 94 V-0
TSM038N04LCP,https://services.taiwansemi.com/storage/resources/datasheet/TSM038N04LCP_A1701.pdf,https://www.taiwansemi.com/en/stock-check/TSM038N04LCP/,Active,Single,Trench,N-Channel,TO-252 (D-PAK),3.0,No,40,20,135.0,1.2,1.5,2.5,2.8,3.8,3.4,5.0,104.0,53.0,14.0,23.0,5509.0,548.0,332.0,150,Yes with exemption 7(a),IEC 61249-2-21,J-STD-002,Matte Tin,0.32661,UL 94 V-0
TSM040N03CP,https://services.taiwansemi.com/storage/resources/datasheet/TSM040N03CP_B1807.pdf,https://www.taiwansemi.com/en/stock-check/TSM040N03CP/,Active,Single,Trench,N-Channel,TO-252 (D-PAK),3.0,No,30,20,90.0,1.2,1.6,2.5,3.1,4.0,4.5,6.0,,24.0,4.2,13.0,2200.0,280.0,177.0,150,Yes with exemption 7(a),IEC 61249-2-21,J-STD-002,Matte Tin,0.32661,UL 94 V-0
TSM042N03CS,https://services.taiwansemi.com/storage/resources/datasheet/TSM042N03CS_A14.pdf,https://www.taiwansemi.com/en/stock-check/TSM042N03CS/,Active,Single,Trench,N-Channel,SOP-8,3.0,No,30,20,30.0,1.2,1.6,2.5,3.8,4.2,5.2,6.0,,24.0,4.2,13.0,2200.0,280.0,177.0,150,Yes,IEC 61249-2-21,J-STD-002,Matte Tin,0.0725,UL 94 V-0
TSM043NB04CZ,https://services.taiwansemi.com/storage/resources/datasheet/TSM043NB04CZ_A2008.pdf,https://www.taiwansemi.com/en/stock-check/TSM043NB04CZ/,Active,Single,Trench,N-Channel,TO-220,,No,40,20,124.0,2.0,2.8,4.0,3.1,4.3,,,74.0,,23.0,16.0,4928.0,457.0,223.0,150,Yes with exemption 7(a),IEC 61249-2-21,J-STD-002,Matte Tin,2.024,UL 94 V-0
TSM043NB04LCZ,https://services.taiwansemi.com/storage/resources/datasheet/TSM043NB04LCZ_A2008.pdf,https://www.taiwansemi.com/en/stock-check/TSM043NB04LCZ/,Active,Single,Trench,N-Channel,TO-220,,No,40,20,124.0,1.0,1.7,2.5,3.0,4.3,4.2,5.3,76.0,38.0,15.0,18.0,4387.0,464.0,276.0,150,Yes with exemption 7(a),IEC 61249-2-21,J-STD-002,Matte Tin,2.024,UL 94 V-0
TSM043NH04CR,https://services.taiwansemi.com/storage/resources/datasheet/TSM043NH04CR_B2207.pdf,https://www.taiwansemi.com/en/stock-check/TSM043NH04CR/,Active,Single,PerFETTM,N-Channel,PDFN56U,1.0,No,40,20,54.0,2.4,3.1,3.6,3.1,4.3,,,37.0,,11.0,6.9,2531.0,450.0,32.0,175,Yes with exemption 7(a),IEC 61249-2-21,J-STD-002,Matte Tin,0.0935,UL 94 V-0
TSM043NH04LCR,https://services.taiwansemi.com/storage/resources/datasheet/TSM043NH04LCR_B2207.pdf,https://www.taiwansemi.com/en/stock-check/TSM043NH04LCR/,Active,Single,PerFETTM,N-Channel,PDFN56U,1.0,No,40,16,54.0,1.4,1.8,2.2,2.9,4.3,3.7,6.0,42.0,20.0,8.0,6.0,2480.0,476.0,37.0,175,Yes with exemption 7(a),IEC 61249-2-21,J-STD-002,Matte Tin,0.0935,UL 94 V-0
TSM045NB06CR,https://services.taiwansemi.com/storage/resources/datasheet/TSM045NB06CR_B1804.pdf,https://www.taiwansemi.com/en/stock-check/TSM045NB06CR/,Active,Single,Trench,N-Channel,PDFN56,1.0,No,60,20,104.0,2.0,3.0,4.0,4.5,5.0,,,104.0,,30.0,24.0,6870.0,395.0,126.0,175,Yes with exemption 7(a),IEC 61249-2-21,J-STD-002,Matte Tin,0.101429,UL 94 V-0
TSM048NB06LCR,https://services.taiwansemi.com/storage/resources/datasheet/TSM048NB06LCR_B1804.pdf,https://www.taiwansemi.com/en/stock-check/TSM048NB06LCR/,Active,Single,Trench,N-Channel,PDFN56,1.0,No,60,20,107.0,1.0,1.8,2.5,4.0,4.8,4.8,6.8,105.0,52.0,17.0,23.0,6253.0,388.0,168.0,175,Yes with exemption 7(a),IEC 61249-2-21,J-STD-002,Matte Tin,0.101429,UL 94 V-0
TSM051N04LCP,https://services.taiwansemi.com/storage/resources/datasheet/TSM051N04LCP_A1701.pdf,https://www.taiwansemi.com/en/stock-check/TSM051N04LCP/,Active,Single,Trench,N-Channel,TO-252 (D-PAK),3.0,No,40,20,96.0,1.2,1.7,2.5,4.3,5.1,6.0,7.0,44.5,22.6,6.7,11.0,2456.0,250.0,139.0,150,Yes with exemption 7(a),IEC 61249-2-21,J-STD-002,Matte Tin,0.32661,UL 94 V-0
TSM052NB03CR,https://services.taiwansemi.com/storage/resources/datasheet/TSM052NB03CR_A1910.pdf,https://www.taiwansemi.com/en/stock-check/TSM052NB03CR/,Active,Single,Trench,N-Channel,PDFN56,1.0,No,30,20,90.0,1.0,1.6,2.5,3.2,5.2,5.0,8.0,41.0,21.0,5.0,13.0,2294.0,386.0,249.0,175,Yes with exemption 7(a),IEC 61249-2-21,J-STD-002,Matte Tin,0.0935,UL 94 V-0
TSM055N03EPQ56,https://services.taiwansemi.com/storage/resources/datasheet/TSM055N03EPQ56_B1710.pdf,https://www.taiwansemi.com/en/stock-check/TSM055N03EPQ56/,Active,Single,Trench,N-Channel,PDFN56,1.0,No,30,20,80.0,1.2,1.6,2.5,4.5,5.5,6.3,8.5,,11.1,1.85,6.8,1210.0,190.0,100.0,150,Yes with exemption 7(a),IEC 61249-2-21,J-STD-002,Matte Tin,0.093916,UL 94 V-0
TSM055N03PQ56,https://services.taiwansemi.com/storage/resources/datasheet/TSM055N03PQ56_B1710.pdf,https://www.taiwansemi.com/en/stock-check/TSM055N03PQ56/,Active,Single,Trench,N-Channel,PDFN56,1.0,No,30,20,80.0,1.2,1.6,2.5,4.5,5.5,6.3,8.5,,11.1,1.85,6.8,1160.0,200.0,180.0,150,Yes with exemption 7(a),IEC 61249-2-21,J-STD-002,Matte Tin,0.093916,UL 94 V-0
TSM056NH04CR,https://services.taiwansemi.com/storage/resources/datasheet/TSM056NH04CR_E2207.pdf,https://www.taiwansemi.com/en/stock-check/TSM056NH04CR/,Active,Single,PerFETTM,N-Channel,PDFN56U,1.0,No,40,20,54.0,2.4,3.0,3.6,4.3,5.6,,,27.3,,8.4,4.8,1942.0,350.0,37.0,175,Yes with exemption 7(a),IEC 61249-2-21,J-STD-002,Matte Tin,0.0935,UL 94 V-0
TSM056NH04CV,https://services.taiwansemi.com/storage/resources/datasheet/TSM056NH04CV_A2207.pdf,https://www.taiwansemi.com/en/stock-check/TSM056NH04CV/,Active,Single,PerFETTM,N-Channel,PDFN33,1.0,No,40,20,54.0,2.4,3.0,3.6,4.7,5.6,,,29.0,,8.8,5.6,1828.0,366.0,35.0,150,Yes with exemption 7(a),IEC 61249-2-21,J-STD-002,Matte Tin,0.028,UL 94 V-0
TSM056NH04LCR,https://services.taiwansemi.com/storage/resources/datasheet/TSM056NH04LCR_E2207.pdf,https://www.taiwansemi.com/en/stock-check/TSM056NH04LCR/,Active,Single,PerFETTM,N-Channel,PDFN56U,1.0,No,40,16,54.0,1.4,1.8,2.2,4.0,5.6,5.3,7.8,30.4,14.2,5.7,4.6,1940.0,354.0,45.0,175,Yes with exemption 7(a),IEC 61249-2-21,J-STD-002,Matte Tin,0.0935,UL 94 V-0
TSM056NH04LCV,https://services.taiwansemi.com/storage/resources/datasheet/TSM056NH04LCV_B2212.pdf,https://www.taiwansemi.com/en/stock-check/TSM056NH04LCV/,Active,Single,PerFETTM,N-Channel,PDFN33,1.0,No,40,16,54.0,1.4,1.8,2.2,4.3,5.6,5.5,7.8,33.0,16.0,6.2,5.5,2076.0,351.0,34.0,150,Yes with exemption 7(a),IEC 61249-2-21,J-STD-002,Matte Tin,0.028,UL 94 V-0
TSM05N03CW,https://services.taiwansemi.com/storage/resources/datasheet/TSM05N03_A12.pdf,https://www.taiwansemi.com/en/stock-check/TSM05N03CW/,Obsolete,Single,Trench,N-Channel,SOT-223,3.0,No,30,20,5.0,1.0,,3.0,46.0,60.0,70.0,90.0,,,1.9,1.35,555.0,120.0,60.0,150,Yes,IEC 61249-2-21,J-STD-002,Matte Tin,,UL 94 V-0
TSM060N03CP,https://services.taiwansemi.com/storage/resources/datasheet/TSM060N03CP_B1807.pdf,https://www.taiwansemi.com/en/stock-check/TSM060N03CP/,Active,Single,Trench,N-Channel,TO-252 (D-PAK),3.0,No,30,20,70.0,1.0,1.6,2.5,4.8,6.0,6.5,9.0,,11.1,1.85,6.8,1160.0,200.0,180.0,150,Yes with exemption 7(a),IEC 61249-2-21,J-STD-002,Matte Tin,0.32661,UL 94 V-0
TSM060N03ECP,https://services.taiwansemi.com/storage/resources/datasheet/TSM060N03ECP_B1807.pdf,https://www.taiwansemi.com/en/stock-check/TSM060N03ECP/,Active,Single,Trench,N-Channel,TO-252 (D-PAK),3.0,No,30,20,70.0,1.0,1.6,2.5,4.8,6.0,6.5,9.0,,11.1,1.85,6.8,1210.0,190.0,100.0,150,Yes with exemption 7(a),IEC 61249-2-21,J-STD-002,Matte Tin,0.32661,UL 94 V-0
TSM060N03PQ33,https://services.taiwansemi.com/storage/resources/datasheet/TSM060N03PQ33_C1608.pdf,https://www.taiwansemi.com/en/stock-check/TSM060N03PQ33/,Active,Single,Trench,N-Channel,PDFN33,1.0,No,30,20,62.0,1.2,1.6,2.5,4.8,6.0,6.7,9.0,25.4,12.9,3.8,5.7,1342.0,227.0,169.0,150,Yes,IEC 61249-2-21,J-STD-002,Matte Tin,0.028,UL 94 V-0
TSM060NB06CZ,https://services.taiwansemi.com/storage/resources/datasheet/TSM060NB06CZ_A2008.pdf,https://www.taiwansemi.com/en/stock-check/TSM060NB06CZ/,Active,Single,Trench,N-Channel,TO-220,,No,60,20,111.0,2.0,3.0,4.0,4.7,6.0,,,103.0,,35.0,19.0,6842.0,387.0,115.0,150,Yes with exemption 7(a),IEC 61249-2-21,J-STD-002,Matte Tin,2.052,UL 94 V-0
TSM060NB06LCZ,https://services.taiwansemi.com/storage/resources/datasheet/TSM060NB06LCZ_A2009.pdf,https://www.taiwansemi.com/en/stock-check/TSM060NB06LCZ/,Active,Single,Trench,N-Channel,TO-220,,No,60,20,111.0,1.0,1.6,2.5,4.8,6.0,5.4,7.8,107.0,52.0,18.0,23.0,6273.0,391.0,167.0,150,Yes with exemption 7(a),IEC 61249-2-21,J-STD-002,Matte Tin,2.052,UL 94 V-0
TSM070NB04CR,https://services.taiwansemi.com/storage/resources/datasheet/TSM070NB04CR_B1804.pdf,https://www.taiwansemi.com/en/stock-check/TSM070NB04CR/,Active,Single,Trench,N-Channel,PDFN56,1.0,No,40,20,75.0,2.0,2.9,4.0,4.7,7.0,,,40.0,,12.0,10.0,2403.0,253.0,117.0,175,Yes with exemption 7(a),IEC 61249-2-21,J-STD-002,Matte Tin,0.101429,UL 94 V-0
TSM070NB04LCR,https://services.taiwansemi.com/storage/resources/datasheet/TSM070NB04LCR_B1804.pdf,https://www.taiwansemi.com/en/stock-check/TSM070NB04LCR/,Active,Single,Trench,N-Channel,PDFN56,1.0,No,40,20,75.0,1.0,1.7,2.5,4.4,7.0,6.4,9.5,39.0,20.0,6.0,11.0,2151.0,250.0,140.0,175,Yes with exemption 7(a),IEC 61249-2-21,J-STD-002,Matte Tin,0.101429,UL 94 V-0
TSM070NH04CR,https://services.taiwansemi.com/storage/resources/datasheet/TSM070NH04CR_E2207.pdf,https://www.taiwansemi.com/en/stock-check/TSM070NH04CR/,Active,Single,PerFETTM,N-Channel,PDFN56U,1.0,No,40,20,54.0,2.4,3.0,3.6,5.8,7.0,,,19.0,,5.5,3.8,1337.0,229.0,39.0,175,Yes with exemption 7(a),IEC 61249-2-21,J-STD-002,Matte Tin,0.0935,UL 94 V-0
TSM070NH04CV,https://services.taiwansemi.com/storage/resources/datasheet/TSM070NH04CV_A2207.pdf,https://www.taiwansemi.com/en/stock-check/TSM070NH04CV/,Active,Single,PerFETTM,N-Channel,PDFN33,1.0,No,40,20,54.0,2.4,3.0,3.6,6.2,7.0,,,21.0,,5.6,4.8,1233.0,249.0,31.0,150,Yes with exemption 7(a),IEC 61249-2-21,J-STD-002,Matte Tin,0.028,UL 94 V-0
TSM070NH04LCR,https://services.taiwansemi.com/storage/resources/datasheet/TSM070NH04LCR_E2207.pdf,https://www.taiwansemi.com/en/stock-check/TSM070NH04LCR/,Active,Single,PerFETTM,N-Channel,PDFN56U,1.0,No,40,16,54.0,1.4,1.8,2.2,5.6,7.0,7.5,9.8,23.0,11.0,4.3,3.5,1446.0,229.0,32.0,175,Yes with exemption 7(a),IEC 61249-2-21,J-STD-002,Matte Tin,0.0935,UL 94 V-0
TSM070NH04LCV,https://services.taiwansemi.com/storage/resources/datasheet/TSM070NH04LCV_A2207.pdf,https://www.taiwansemi.com/en/stock-check/TSM070NH04LCV/,Active,Single,PerFETTM,N-Channel,PDFN33,1.0,No,40,16,54.0,1.4,1.8,2.2,5.9,7.0,7.7,9.8,24.0,11.0,4.5,3.9,1376.0,249.0,34.0,150,Yes with exemption 7(a),IEC 61249-2-21,J-STD-002,Matte Tin,0.028,UL 94 V-0
TSM076NH04DCR,https://services.taiwansemi.com/storage/resources/datasheet/TSM076NH04DCR_D2207.pdf,https://www.taiwansemi.com/en/stock-check/TSM076NH04DCR/,Active,Dual,PerFETTM,N-Channel,PDFN56U Dual,1.0,No,40,20,34.0,2.4,3.0,3.6,6.5,7.6,,,19.0,,5.7,3.8,1217.0,235.0,17.0,175,Yes with exemption 7(a),IEC 61249-2-21,J-STD-002,Matte Tin,0.0866,UL 94 V-0
TSM076NH04LDCR,https://services.taiwansemi.com/storage/resources/datasheet/TSM076NH04LDCR_D2207.pdf,https://www.taiwansemi.com/en/stock-check/TSM076NH04LDCR/,Active,Dual,PerFETTM,N-Channel,PDFN56U Dual,1.0,No,40,16,34.0,1.4,1.8,2.2,6.1,7.6,7.7,10.6,22.4,10.7,4.3,3.3,1344.0,248.0,15.0,175,Yes with exemption 7(a),IEC 61249-2-21,J-STD-002,Matte Tin,0.0866,UL 94 V-0
TSM080N03EPQ56,https://services.taiwansemi.com/storage/resources/datasheet/TSM080N03E_B15.pdf,https://www.taiwansemi.com/en/stock-check/TSM080N03EPQ56/,Active,Single,Trench,N-Channel,PDFN56,3.0,No,30,20,55.0,1.0,1.6,2.5,6.5,8.0,9.5,12.5,,7.5,1.3,4.5,750.0,150.0,110.0,150,Yes with exemption 7(a),IEC 61249-2-21,J-STD-002,Matte Tin,0.093916,UL 94 V-0
TSM080N03PQ56,https://services.taiwansemi.com/storage/resources/datasheet/TSM080N03PQ56_D1608.pdf,https://www.taiwansemi.com/en/stock-check/TSM080N03PQ56/,Active,Single,Trench,N-Channel,PDFN56,1.0,No,30,20,73.0,1.0,1.6,2.5,6.5,8.0,9.5,12.5,14.4,7.2,2.6,3.3,843.0,157.0,95.0,150,Yes with exemption 7(a),IEC 61249-2-21,J-STD-002,Matte Tin,0.093916,UL 94 V-0
TSM080NB03CR,https://services.taiwansemi.com/storage/resources/datasheet/TSM080NB03CR_A1910.pdf,https://www.taiwansemi.com/en/stock-check/TSM080NB03CR/,Active,Single,Trench,N-Channel,PDFN56,1.0,No,30,20,59.0,1.0,1.8,2.5,5.8,8.0,10.0,15.0,20.0,10.0,4.0,5.0,1097.0,180.0,106.0,175,Yes with exemption 7(a),IEC 61249-2-21,J-STD-002,Matte Tin,0.0935,UL 94 V-0
TSM085N03PQ33,https://services.taiwansemi.com/storage/resources/datasheet/TSM085N03PQ33_D1608.pdf,https://www.taiwansemi.com/en/stock-check/TSM085N03PQ33/,Active,Single,Trench,N-Channel,PDFN33,1.0,No,30,20,52.0,1.0,1.6,2.5,6.2,8.5,9.0,13.0,14.3,7.2,2.6,3.4,817.0,155.0,96.0,150,Yes,IEC 61249-2-21,J-STD-002,Matte Tin,0.028,UL 94 V-0
TSM085NB03CV,https://services.taiwansemi.com/storage/resources/datasheet/TSM085NB03CV_A2010.pdf,https://www.taiwansemi.com/en/stock-check/TSM085NB03CV/,Active,Single,Trench,N-Channel,PDFN33,1.0,No,30,20,58.0,1.0,1.7,2.5,5.4,8.5,10.2,15.0,20.0,10.0,4.0,5.0,1101.0,186.0,118.0,150,Yes with exemption 7(a),IEC 61249-2-21,J-STD-002,Matte Tin,0.0284,UL 94 V-0
TSM085NB03DCR,https://services.taiwansemi.com/storage/resources/datasheet/TSM085NB03DCR_A2004.pdf,https://www.taiwansemi.com/en/stock-check/TSM085NB03DCR/,Active,Dual,Trench,N-Channel,PDFN56 Dual,1.0,No,30,20,51.0,1.3,1.8,2.5,6.5,8.5,11.0,15.0,20.0,10.0,4.0,5.0,1091.0,176.0,106.0,150,Yes with exemption 7(a),IEC 61249-2-21,J-STD-002,Matte Tin,0.0898,UL 94 V-0
TSM089N08LCR,https://services.taiwansemi.com/storage/resources/datasheet/TSM089N08LCR_A1608.pdf,https://www.taiwansemi.com/en/stock-check/TSM089N08LCR/,Active,Single,Trench,N-Channel,PDFN56,1.0,No,80,20,67.0,1.0,1.9,2.5,6.4,8.9,8.0,11.0,90.0,45.0,16.0,23.0,6119.0,304.0,116.0,150,Yes with exemption 7(a),IEC 61249-2-21,J-STD-002,Matte Tin,0.093916,UL 94 V-0
TSM090N03CP,https://services.taiwansemi.com/storage/resources/datasheet/TSM090N03CP_B1807.pdf,https://www.taiwansemi.com/en/stock-check/TSM090N03CP/,Active,Single,Trench,N-Channel,TO-252 (D-PAK),3.0,No,30,20,50.0,1.0,1.6,2.5,7.5,9.0,10.0,13.0,,7.5,1.3,4.5,750.0,150.0,110.0,150,Yes with exemption 7(a),IEC 61249-2-21,J-STD-002,Matte Tin,0.32661,UL 94 V-0
TSM090N03ECP,https://services.taiwansemi.com/storage/resources/datasheet/TSM090N03E_A15.pdf,https://www.taiwansemi.com/en/stock-check/TSM090N03ECP/,Active,Single,Trench,N-Channel,TO-252 (D-PAK),3.0,No,30,20,50.0,1.2,1.6,2.5,7.5,9.0,9.6,14.0,,7.7,1.9,2.8,680.0,150.0,70.0,150,Yes with exemption 7(a),IEC 61249-2-21,J-STD-002,Matte Tin,0.32661,UL 94 V-0
TSM100N06CZ,https://services.taiwansemi.com/storage/resources/datasheet/TSM100N06_B15.pdf,https://www.taiwansemi.com/en/stock-check/TSM100N06CZ/,Obsolete,Single,Trench,N-Channel,TO-220,,No,60,20,100.0,2.0,3.0,4.0,5.7,6.7,,,92.0,,23.0,24.0,4382.0,668.0,339.0,150,Yes with exemption 7(a),IEC 61249-2-21,J-STD-002,Matte Tin,,UL 94 V-0
TSM10NC60CF,https://services.taiwansemi.com/storage/resources/datasheet/TSM10NC60CF_A1604.pdf,https://www.taiwansemi.com/en/stock-check/TSM10NC60CF/,Obsolete,Single,Planar,N-Channel,ITO-220S,,No,600,30,10.0,2.5,3.4,4.5,670.0,750.0,,,33.0,,10.0,12.0,1652.0,92.0,11.0,150,Yes with exemption 7(a),IEC 61249-2-21,J-STD-002,Matte Tin,,UL 94 V-0
TSM10NC65CF,https://services.taiwansemi.com/storage/resources/datasheet/TSM10NC65CF_A1605.pdf,https://www.taiwansemi.com/en/stock-check/TSM10NC65CF/,Obsolete,Single,Planar,N-Channel,ITO-220S,,No,650,30,10.0,2.5,3.4,4.5,750.0,900.0,,,34.0,,11.0,13.0,1650.0,91.0,11.0,150,Yes with exemption 7(a),IEC 61249-2-21,J-STD-002,Matte Tin,,UL 94 V-0
TSM10ND60CI,https://services.taiwansemi.com/storage/resources/datasheet/TSM10ND60CI_A1807.pdf,https://www.taiwansemi.com/en/stock-check/TSM10ND60CI/,Obsolete,Single,Planar,N-Channel,ITO-220,,No,600,30,10.0,2.5,2.9,3.8,510.0,600.0,,,38.0,,9.0,11.0,1928.0,114.0,10.0,150,Yes with exemption 7(a),IEC 61249-2-21,J-STD-002,Matte Tin,,UL 94 V-0
TSM10ND65CI,https://services.taiwansemi.com/storage/resources/datasheet/TSM10ND65CI_A1804.pdf,https://www.taiwansemi.com/en/stock-check/TSM10ND65CI/,Obsolete,Single,Planar,N-Channel,ITO-220,,No,650,30,10.0,2.5,3.0,3.8,580.0,800.0,,,39.6,,8.1,12.5,1863.0,108.0,9.0,150,Yes with exemption 7(a),IEC 61249-2-21,J-STD-002,Matte Tin,,UL 94 V-0
TSM110NB04CR,https://services.taiwansemi.com/storage/resources/datasheet/TSM110NB04CR_B1804.pdf,https://www.taiwansemi.com/en/stock-check/TSM110NB04CR/,Active,Single,Trench,N-Channel,PDFN56,1.0,No,40,20,54.0,2.0,3.2,4.0,7.7,11.0,,,23.0,,7.0,6.0,1443.0,147.0,80.0,175,Yes with exemption 7(a),IEC 61249-2-21,J-STD-002,Matte Tin,0.09697,UL 94 V-0
TSM110NB04DCR,https://services.taiwansemi.com/storage/resources/datasheet/TSM110NB04DCR_A1908.pdf,https://www.taiwansemi.com/en/stock-check/TSM110NB04DCR/,Active,Dual,Trench,N-Channel,PDFN56 Dual,1.0,No,40,20,48.0,2.0,2.9,4.0,8.5,11.0,,,25.0,,7.0,6.0,1506.0,144.0,75.0,150,Yes with exemption 7(a),IEC 61249-2-21,J-STD-002,Matte Tin,0.095769,UL 94 V-0
TSM110NB04LCR,https://services.taiwansemi.com/storage/resources/datasheet/TSM110NB04LCR_B1804.pdf,https://www.taiwansemi.com/en/stock-check/TSM110NB04LCR/,Active,Single,Trench,N-Channel,PDFN56,1.0,No,40,20,54.0,1.0,1.9,2.5,8.0,11.0,12.0,16.0,23.0,12.0,4.0,6.0,1269.0,142.0,82.0,175,Yes with exemption 7(a),IEC 61249-2-21,J-STD-002,Matte Tin,0.09697,UL 94 V-0
TSM110NB04LCV,https://services.taiwansemi.com/storage/resources/datasheet/TSM110NB04LCV_A2008.pdf,https://www.taiwansemi.com/en/stock-check/TSM110NB04LCV/,Active,Single,Trench,N-Channel,PDFN33,1.0,No,40,20,44.0,1.0,1.7,2.5,7.0,11.0,10.0,16.0,24.0,12.0,4.0,6.0,1329.0,147.0,82.0,150,Yes with exemption 7(a),IEC 61249-2-21,J-STD-002,Matte Tin,0.028,UL 94 V-0
TSM110NB04LDCR,https://services.taiwansemi.com/storage/resources/datasheet/TSM110NB04LDCR_A2001.pdf,https://www.taiwansemi.com/en/stock-check/TSM110NB04LDCR/,Active,Dual,Trench,N-Channel,PDFN56 Dual,1.0,No,40,20,48.0,1.0,1.6,2.5,8.0,11.0,11.0,16.0,23.0,12.0,4.0,6.0,1269.0,142.0,82.0,150,Yes with exemption 7(a),IEC 61249-2-21,J-STD-002,Matte Tin,0.095769,UL 94 V-0
TSM120N06LCP,https://services.taiwansemi.com/storage/resources/datasheet/TSM120N06LCP_A1602.pdf,https://www.taiwansemi.com/en/stock-check/TSM120N06LCP/,Active,Single,Trench,N-Channel,TO-252 (D-PAK),3.0,No,60,20,70.0,1.2,1.7,2.5,9.7,12.0,11.0,15.0,37.0,18.0,6.0,7.5,2118.0,136.0,86.0,150,Yes with exemption 7(a),IEC 61249-2-21,J-STD-002,Matte Tin,0.32661,UL 94 V-0
TSM120N06LCR,https://services.taiwansemi.com/storage/resources/datasheet/TSM120N06LCR_A1610.pdf,https://www.taiwansemi.com/en/stock-check/TSM120N06LCR/,NRND,Single,Trench,N-Channel,PDFN56,1.0,No,60,20,54.0,1.2,1.7,2.5,9.6,12.0,11.0,15.0,36.5,18.0,6.0,7.5,2116.0,136.0,85.0,150,Yes with exemption 7(a),IEC 61249-2-21,J-STD-002,Matte Tin,,UL 94 V-0
TSM120N06LCS,https://services.taiwansemi.com/storage/resources/datasheet/TSM120N06LCS_C1710.pdf,https://www.taiwansemi.com/en/stock-check/TSM120N06LCS/,Active,Single,Trench,N-Channel,SOP-8,1.0,No,60,20,23.0,1.2,1.7,2.5,10.4,12.0,11.9,15.0,37.0,19.0,6.0,8.0,2193.0,208.0,88.0,150,Yes,IEC 61249-2-21,J-STD-002,Matte Tin,0.083,UL 94 V-0
TSM130NB06CR,https://services.taiwansemi.com/storage/resources/datasheet/TSM130NB06CR_B1804.pdf,https://www.taiwansemi.com/en/stock-check/TSM130NB06CR/,Active,Single,Trench,N-Channel,PDFN56,1.0,No,60,20,51.0,2.0,3.0,4.0,11.0,13.0,,,36.0,,12.0,8.0,2380.0,142.0,42.0,175,Yes with exemption 7(a),IEC 61249-2-21,J-STD-002,Matte Tin,0.101429,UL 94 V-0
TSM130NB06LCR,https://services.taiwansemi.com/storage/resources/datasheet/TSM130NB06LCR_B1804.pdf,https://www.taiwansemi.com/en/stock-check/TSM130NB06LCR/,Active,Single,Trench,N-Channel,PDFN56,1.0,No,60,20,51.0,1.0,1.7,2.5,12.0,13.0,14.0,18.0,37.0,18.0,7.0,9.0,2175.0,142.0,63.0,175,Yes with exemption 7(a),IEC 61249-2-21,J-STD-002,Matte Tin,0.101429,UL 94 V-0
TSM13ND50CI,https://services.taiwansemi.com/storage/resources/datasheet/TSM13ND50CI_A1804.pdf,https://www.taiwansemi.com/en/stock-check/TSM13ND50CI/,Obsolete,Single,Planar,N-Channel,ITO-220,,No,500,30,13.0,2.5,3.0,3.8,370.0,480.0,,,39.0,,10.0,12.0,1877.0,128.0,7.0,150,Yes with exemption 7(a),IEC 61249-2-21,J-STD-002,Matte Tin,,UL 94 V-0
TSM150NB04CR,https://services.taiwansemi.com/storage/resources/datasheet/TSM150NB04CR_B1804.pdf,https://www.taiwansemi.com/en/stock-check/TSM150NB04CR/,Active,Single,Trench,N-Channel,PDFN56,1.0,No,40,20,41.0,2.0,3.2,4.0,10.0,15.0,,,19.0,,6.0,4.0,1092.0,113.0,63.0,175,Yes with exemption 7(a),IEC 61249-2-21,J-STD-002,Matte Tin,0.09697,UL 94 V-0
TSM150NB04DCR,https://services.taiwansemi.com/storage/resources/datasheet/TSM150NB04DCR_A1908.pdf,https://www.taiwansemi.com/en/stock-check/TSM150NB04DCR/,Active,Dual,Trench,N-Channel,PDFN56 Dual,1.0,No,40,20,38.0,2.0,3.0,4.0,11.0,15.0,,,18.0,,6.0,4.0,1132.0,110.0,51.0,150,Yes with exemption 7(a),IEC 61249-2-21,J-STD-002,Matte Tin,0.095769,UL 94 V-0
TSM150NB04LCR,https://services.taiwansemi.com/storage/resources/datasheet/TSM150NB04LCR_B1804.pdf,https://www.taiwansemi.com/en/stock-check/TSM150NB04LCR/,Active,Single,Trench,N-Channel,PDFN56,1.0,No,40,20,41.0,1.0,1.8,2.5,9.0,15.0,14.0,19.0,18.0,9.0,3.0,5.0,966.0,108.0,64.0,175,Yes with exemption 7(a),IEC 61249-2-21,J-STD-002,Matte Tin,0.09697,UL 94 V-0
TSM150NB04LCV,https://services.taiwansemi.com/storage/resources/datasheet/TSM150NB04LCV_A2008.pdf,https://www.taiwansemi.com/en/stock-check/TSM150NB04LCV/,Active,Single,Trench,N-Channel,PDFN33,1.0,No,40,20,36.0,1.0,1.7,2.5,9.0,15.0,13.0,19.0,19.0,9.0,4.0,4.0,1013.0,113.0,64.0,150,Yes with exemption 7(a),IEC 61249-2-21,J-STD-002,Matte Tin,0.028,UL 94 V-0
TSM150NB04LDCR,https://services.taiwansemi.com/storage/resources/datasheet/TSM150NB04LDCR_A2001.pdf,https://www.taiwansemi.com/en/stock-check/TSM150NB04LDCR/,Active,Dual,Trench,N-Channel,PDFN56 Dual,1.0,No,40,20,37.0,1.0,1.7,2.5,10.0,15.0,14.0,19.0,18.0,9.0,3.0,5.0,966.0,108.0,64.0,150,Yes with exemption 7(a),IEC 61249-2-21,J-STD-002,Matte Tin,0.0866,UL 94 V-0
TSM160N10LCR,https://services.taiwansemi.com/storage/resources/datasheet/TSM160N10LCR_A1610.pdf,https://www.taiwansemi.com/en/stock-check/TSM160N10LCR/,Active,Single,Trench,N-Channel,PDFN56,1.0,No,100,20,46.0,1.2,1.9,2.5,14.0,16.0,16.0,20.0,73.0,36.0,17.0,15.0,4431.0,158.0,45.0,150,Yes with exemption 7(a),IEC 61249-2-21,J-STD-002,Matte Tin,0.093916,UL 94 V-0
TSM16ND50CI,https://services.taiwansemi.com/storage/resources/datasheet/TSM16ND50CI_A1805.pdf,https://www.taiwansemi.com/en/stock-check/TSM16ND50CI/,Obsolete,Single,Planar,N-Channel,ITO-220,,No,500,30,16.0,2.5,4.0,4.5,300.0,350.0,,,53.0,,15.4,18.5,2551.0,153.0,15.0,150,Yes with exemption 7(a),IEC 61249-2-21,J-STD-002,Matte Tin,,UL 94 V-0
TSM170N06CH,https://services.taiwansemi.com/storage/resources/datasheet/TSM170N06CH_A2211.pdf,https://www.taiwansemi.com/en/stock-check/TSM170N06CH/,Active,Single,Trench,N-Channel,TO-251 (I-PAK),,No,60,20,38.0,1.2,1.7,2.5,15.0,17.0,17.5,20.0,,15.0,5.5,5.0,900.0,130.0,90.0,150,Yes with exemption 7(a),IEC 61249-2-21,J-STD-002,Matte Tin,0.39851,UL 94 V-0
TSM170N06CP,https://services.taiwansemi.com/storage/resources/datasheet/TSM170N06_B15.pdf,https://www.taiwansemi.com/en/stock-check/TSM170N06CP/,Active,Single,Trench,N-Channel,TO-252 (D-PAK),3.0,No,60,20,38.0,1.2,1.7,2.5,15.0,17.0,17.5,20.0,28.5,13.5,5.5,5.0,900.0,130.0,90.0,150,Yes with exemption 7(a),IEC 61249-2-21,J-STD-002,Matte Tin,0.32661,UL 94 V-0
TSM170N06PQ56,https://services.taiwansemi.com/storage/resources/datasheet/TSM170N06PQ56_A1608.pdf,https://www.taiwansemi.com/en/stock-check/TSM170N06PQ56/,Active,Single,Trench,N-Channel,PDFN56,1.0,No,60,20,44.0,1.2,1.8,2.5,12.0,17.0,14.0,20.0,29.0,14.0,5.0,7.0,1556.0,105.0,45.0,150,Yes with exemption 7(a),IEC 61249-2-21,J-STD-002,Matte Tin,0.093916,UL 94 V-0
TSM180N03CS,https://services.taiwansemi.com/storage/resources/datasheet/TSM180N03CS_A14.pdf,https://www.taiwansemi.com/en/stock-check/TSM180N03CS/,Active,Single,Trench,N-Channel,SOP-8,3.0,No,30,20,9.0,1.2,1.6,2.0,16.0,18.0,23.0,28.0,,4.1,1.0,2.1,345.0,55.0,32.0,150,Yes,IEC 61249-2-21,J-STD-002,Matte Tin,0.0725,UL 94 V-0
TSM180N03PQ33,https://services.taiwansemi.com/storage/resources/datasheet/TSM180N03PQ33_B1710.pdf,https://www.taiwansemi.com/en/stock-check/TSM180N03PQ33/,Active,Single,Trench,N-Channel,PDFN33,1.0,No,30,20,25.0,1.2,1.6,2.5,14.0,18.0,20.0,28.0,,4.1,1.0,2.1,345.0,55.0,32.0,150,Yes,IEC 61249-2-21,J-STD-002,Matte Tin,0.028,UL 94 V-0
TSM190N08CZ,https://services.taiwansemi.com/storage/resources/datasheet/TSM190N08_B15.pdf,https://www.taiwansemi.com/en/stock-check/TSM190N08CZ/,Active,Single,Trench,N-Channel,TO-220,,No,75,20,190.0,2.0,3.0,4.0,3.4,4.2,,,160.0,,35.0,40.0,8600.0,780.0,300.0,150,Yes with exemption 7(a),IEC 61249-2-21,J-STD-002,Matte Tin,0.200978,UL 94 V-0
TSM1NB60CH,https://services.taiwansemi.com/storage/resources/datasheet/TSM1NB60CH_A2308.pdf,https://www.taiwansemi.com/en/stock-check/TSM1NB60CH/,Active,Single,Planar,N-Channel,TO-251 (I-PAK),,No,600,30,1.2,2.5,3.1,4.5,9400.0,10000.0,,,7.7,,1.0,4.6,150.0,11.0,8.0,150,Yes with exemption 7(a),IEC 61249-2-21,J-STD-002,Matte Tin,0.39851,UL 94 V-0
TSM1NB60CP,https://services.taiwansemi.com/storage/resources/datasheet/TSM1NB60CP_A2309.pdf,https://www.taiwansemi.com/en/stock-check/TSM1NB60CP/,Active,Single,Planar,N-Channel,TO-252 (D-PAK),3.0,No,600,30,1.2,2.5,3.1,4.5,9400.0,10000.0,,,7.7,,1.0,4.6,150.0,11.0,8.0,150,Yes with exemption 7(a),IEC 61249-2-21,J-STD-002,Matte Tin,0.32661,UL 94 V-0
TSM1NB60CW,https://services.taiwansemi.com/storage/resources/datasheet/TSM1NB60CW_A2206.pdf,https://www.taiwansemi.com/en/stock-check/TSM1NB60CW/,Active,Single,Planar,N-Channel,SOT-223,3.0,No,600,30,0.7,2.5,3.1,4.5,9300.0,10000.0,,,7.4,,1.4,4.7,158.0,25.0,1.0,150,Yes,IEC 61249-2-21,J-STD-002,Matte Tin,0.12,UL 94 V-0
TSM1NB60LCW,https://services.taiwansemi.com/storage/resources/datasheet/TSM1NB60LCW_A2305.pdf,https://www.taiwansemi.com/en/stock-check/TSM1NB60LCW/,Active,Single,Planar,N-Channel,SOT-223,3.0,No,600,30,0.55,0.9,1.6,2.0,11000.0,15000.0,,,7.5,,0.7,4.3,98.0,10.0,8.0,150,Yes,IEC 61249-2-21,J-STD-002,Matte Tin,0.12,UL 94 V-0
TSM200N03DPQ33,https://services.taiwansemi.com/storage/resources/datasheet/TSM200N03D_B1710.pdf,https://www.taiwansemi.com/en/stock-check/TSM200N03DPQ33/,Active,Dual,Trench,N-Channel,PDFN33 Dual,1.0,No,30,20,20.0,1.2,1.5,2.5,17.0,20.0,23.0,30.0,,4.1,1.0,2.1,345.0,55.0,32.0,150,Yes,IEC 61249-2-21,J-STD-002,Matte Tin,0.028,UL 94 V-0
TSM210N02CX,https://services.taiwansemi.com/storage/resources/datasheet/TSM210N02CX_B1811.pdf,https://www.taiwansemi.com/en/stock-check/TSM210N02CX/,Active,Single,Trench,N-Channel,SOT-23,1.0,No,20,10,6.7,0.3,0.6,0.8,,,19.0,21.0,,5.8,0.6,2.0,600.0,70.0,45.0,150,Yes,IEC 61249-2-21,J-STD-002,Matte Tin,0.012742,UL 94 V-0
TSM220NB06CR,https://services.taiwansemi.com/storage/resources/datasheet/TSM220NB06CR_C2401.pdf,https://www.taiwansemi.com/en/stock-check/TSM220NB06CR/,Active,Single,Trench,N-Channel,PDFN56,1.0,No,60,20,35.0,2.0,3.3,4.0,19.0,22.0,,,21.0,,6.6,4.6,1420.0,84.0,52.0,175,Yes with exemption 7(a),IEC 61249-2-21,J-STD-002,Matte Tin,0.09697,UL 94 V-0
TSM220NB06LCR,https://services.taiwansemi.com/storage/resources/datasheet/TSM220NB06LCR_B1804.pdf,https://www.taiwansemi.com/en/stock-check/TSM220NB06LCR/,Active,Single,Trench,N-Channel,PDFN56,1.0,No,60,20,35.0,1.0,1.7,2.5,18.0,22.0,21.0,28.0,23.0,12.0,4.0,5.0,1314.0,91.0,26.0,175,Yes with exemption 7(a),IEC 61249-2-21,J-STD-002,Matte Tin,0.09697,UL 94 V-0
TSM2302CX,https://services.taiwansemi.com/storage/resources/datasheet/TSM2302CX_F2406.pdf,https://www.taiwansemi.com/en/stock-check/TSM2302CX/,Active,Single,Trench,N-Channel,SOT-23,1.0,No,20,8,3.2,0.65,0.8,1.2,,,22.0,65.0,5.9,,0.8,1.6,446.0,76.0,63.0,150,Yes,IEC 61249-2-21,J-STD-002,Matte Tin,0.0134,UL 94 V-0
TSM2306CX,https://services.taiwansemi.com/storage/resources/datasheet/TSM2306CX_C2406.pdf,https://www.taiwansemi.com/en/stock-check/TSM2306CX/,Active,Single,Trench,N-Channel,SOT-23,1.0,No,30,20,3.3,1.0,1.4,3.0,35.0,57.0,58.0,94.0,,,0.7,1.1,154.0,35.0,29.0,150,Yes,IEC 61249-2-21,J-STD-002,Matte Tin,0.0134,UL 94 V-0
TSM2308CX,https://services.taiwansemi.com/storage/resources/datasheet/TSM2308CX_D2406.pdf,https://www.taiwansemi.com/en/stock-check/TSM2308CX/,Active,Single,Trench,N-Channel,SOT-23,1.0,No,60,20,1.8,0.9,1.4,2.5,22.0,156.0,28.0,192.0,,,1.2,2.0,407.0,32.0,29.0,150,Yes,IEC 61249-2-21,J-STD-002,Matte Tin,0.0134,UL 94 V-0
TSM230N06CP,https://services.taiwansemi.com/storage/resources/datasheet/TSM230N06_D1802.pdf,https://www.taiwansemi.com/en/stock-check/TSM230N06CP/,Active,Single,Trench,N-Channel,TO-252 (D-PAK),3.0,No,60,20,50.0,1.2,1.8,2.5,20.0,23.0,23.0,28.0,28.0,,3.5,6.5,1680.0,115.0,85.0,150,Yes with exemption 7(a),IEC 61249-2-21,J-STD-002,Matte Tin,0.32661,UL 94 V-0
TSM230N06PQ56,https://services.taiwansemi.com/storage/resources/datasheet/TSM230N06PQ56_B1710.pdf,https://www.taiwansemi.com/en/stock-check/TSM230N06PQ56/,NRND,Single,Trench,N-Channel,PDFN56,1.0,No,60,20,44.0,1.2,1.8,2.5,20.0,23.0,23.0,28.0,28.0,,3.5,6.5,1680.0,115.0,85.0,150,Yes with exemption 7(a),IEC 61249-2-21,J-STD-002,Matte Tin,0.093916,UL 94 V-0
TSM2312CX,https://services.taiwansemi.com/storage/resources/datasheet/TSM2312CX_F2406.pdf,https://www.taiwansemi.com/en/stock-check/TSM2312CX/,Active,Single,Trench,N-Channel,SOT-23,1.0,No,20,8,4.5,0.45,0.7,1.0,,,15.0,33.0,9.8,,0.9,3.1,690.0,116.0,105.0,150,Yes,IEC 61249-2-21,J-STD-002,Matte Tin,0.0134,UL 94 V-0
TSM2314CX,https://services.taiwansemi.com/storage/resources/datasheet/TSM2314CX_F2406.pdf,https://www.taiwansemi.com/en/stock-check/TSM2314CX/,Active,Single,Trench,N-Channel,SOT-23,1.0,No,20,12,4.6,0.45,0.7,1.0,,,15.0,33.0,10.0,,0.9,3.1,687.0,120.0,99.0,150,Yes,IEC 61249-2-21,J-STD-002,Matte Tin,0.0134,UL 94 V-0
TSM2318CX,https://services.taiwansemi.com/storage/resources/datasheet/TSM2318CX_D2406.pdf,https://www.taiwansemi.com/en/stock-check/TSM2318CX/,Active,Single,Trench,N-Channel,SOT-23,1.0,No,40,20,3.6,1.0,1.5,3.0,25.0,45.0,36.0,62.5,,,1.4,1.9,395.0,52.0,41.0,150,Yes,IEC 61249-2-21,J-STD-002,Matte Tin,0.0134,UL 94 V-0
TSM2328CX,https://services.taiwansemi.com/storage/resources/datasheet/TSM2328CX_D2408.pdf,https://www.taiwansemi.com/en/stock-check/TSM2328CX/,Active,Single,Trench,N-Channel,SOT-23,1.0,No,100,20,1.5,1.0,1.7,2.5,120.0,250.0,,,,,0.6,1.0,142.0,32.0,13.0,150,Yes,IEC 61249-2-21,J-STD-002,Matte Tin,0.0134,UL 94 V-0
TSM240N03CX,https://services.taiwansemi.com/storage/resources/datasheet/TSM240N03CX_B1811.pdf,https://www.taiwansemi.com/en/stock-check/TSM240N03CX/,Active,Single,Trench,N-Channel,SOT-23,1.0,No,30,20,6.5,1.2,1.4,2.5,17.0,24.0,22.0,34.0,,4.1,1.0,2.1,345.0,55.0,32.0,150,Yes,IEC 61249-2-21,J-STD-002,Matte Tin,0.012742,UL 94 V-0
TSM240N03CX6,https://services.taiwansemi.com/storage/resources/datasheet/TSM240N03CX6_B1811.pdf,https://www.taiwansemi.com/en/stock-check/TSM240N03CX6/,Active,Single,Trench,N-Channel,SOT-26,1.0,No,30,20,6.5,1.2,1.4,2.5,17.0,24.0,22.0,34.0,,4.1,1.0,2.1,345.0,55.0,32.0,150,Yes,IEC 61249-2-21,J-STD-002,Matte Tin,0.015362,UL 94 V-0
TSM250N02CX,https://services.taiwansemi.com/storage/resources/datasheet/TSM250N02CX_B1811.pdf,https://www.taiwansemi.com/en/stock-check/TSM250N02CX/,Active,Single,Trench,N-Channel,SOT-23,1.0,No,20,10,5.8,0.4,0.6,0.8,,,20.0,25.0,,7.7,0.9,2.4,535.0,60.0,34.0,150,Yes,IEC 61249-2-21,J-STD-002,Matte Tin,0.012742,UL 94 V-0
TSM250N02DCQ,https://services.taiwansemi.com/storage/resources/datasheet/TSM250N02DCQ_C2212.pdf,https://www.taiwansemi.com/en/stock-check/TSM250N02DCQ/,Active,Dual,Trench,N-Channel,TDFN 2x2,3.0,No,20,10,5.8,0.4,0.6,0.8,,,20.0,25.0,,7.7,0.9,2.4,535.0,60.0,34.0,150,Yes,IEC 61249-2-21,J-STD-002,Matte Tin,0.00955,UL 94 V-0
TSM250NB06CV,https://services.taiwansemi.com/storage/resources/datasheet/TSM250NB06CV_A2007.pdf,https://www.taiwansemi.com/en/stock-check/TSM250NB06CV/,Active,Single,Trench,N-Channel,PDFN33,1.0,No,60,20,28.0,2.0,3.1,4.0,19.0,25.0,,,23.0,,7.0,5.0,1440.0,88.0,23.0,150,Yes with exemption 7(a),IEC 61249-2-21,J-STD-002,Matte Tin,0.028,UL 94 V-0
TSM250NB06DCR,https://services.taiwansemi.com/storage/resources/datasheet/TSM250NB06DCR_A1908.pdf,https://www.taiwansemi.com/en/stock-check/TSM250NB06DCR/,Active,Dual,Trench,N-Channel,PDFN56 Dual,1.0,No,60,20,30.0,2.0,3.0,4.0,21.0,25.0,,,22.0,,7.0,5.0,1461.0,89.0,20.0,150,Yes with exemption 7(a),IEC 61249-2-21,J-STD-002,Matte Tin,0.095769,UL 94 V-0
TSM250NB06LCV,https://services.taiwansemi.com/storage/resources/datasheet/TSM250NB06LCV_A2008.pdf,https://www.taiwansemi.com/en/stock-check/TSM250NB06LCV/,Active,Single,Trench,N-Channel,PDFN33,1.0,No,60,20,27.0,1.0,1.8,2.5,18.0,25.0,22.0,28.0,23.0,11.0,4.0,5.0,1307.0,86.0,27.0,150,Yes with exemption 7(a),IEC 61249-2-21,J-STD-002,Matte Tin,0.028,UL 94 V-0
TSM250NB06LDCR,https://services.taiwansemi.com/storage/resources/datasheet/TSM250NB06LDCR_A2001.pdf,https://www.taiwansemi.com/en/stock-check/TSM250NB06LDCR/,Active,Dual,Trench,N-Channel,PDFN56 Dual,1.0,No,60,20,29.0,1.0,1.8,2.5,19.0,25.0,23.0,28.0,23.0,12.0,4.0,5.0,1314.0,91.0,26.0,150,Yes with exemption 7(a),IEC 61249-2-21,J-STD-002,Matte Tin,0.0866,UL 94 V-0
TSM280NB06LCR,https://services.taiwansemi.com/storage/resources/datasheet/TSM280NB06LCR_B1804.pdf,https://www.taiwansemi.com/en/stock-check/TSM280NB06LCR/,Active,Single,Trench,N-Channel,PDFN56,1.0,No,60,20,28.0,1.0,2.0,2.5,24.0,28.0,32.0,39.0,18.0,9.0,3.0,4.0,969.0,71.0,24.0,175,Yes with exemption 7(a),IEC 61249-2-21,J-STD-002,Matte Tin,0.09697,UL 94 V-0
TSM2N7002KCU,https://services.taiwansemi.com/storage/resources/datasheet/TSM2N7002KCU_A2007.pdf,https://www.taiwansemi.com/en/stock-check/TSM2N7002KCU/,Obsolete,Single,Trench,N-Channel,SOT-323,1.0,No,60,20,0.24,1.0,1.4,2.5,1500.0,2500.0,1600.0,3000.0,,0.91,0.33,0.32,30.0,15.0,6.0,150,Yes,IEC 61249-2-21,J-STD-002,Matte Tin,0.005555,UL 94 V-0
TSM2N7002KCX,https://services.taiwansemi.com/storage/resources/datasheet/TSM2N7002K_I2010.pdf,https://www.taiwansemi.com/en/stock-check/TSM2N7002KCX/,Obsolete,Single,Trench,N-Channel,SOT-23,3.0,No,60,20,0.3,1.0,1.5,2.5,1200.0,2000.0,2000.0,4000.0,,0.4,,,30.0,6.0,2.5,150,Yes,IEC 61249-2-21,J-STD-002,Matte Tin,0.0134,UL 94 V-0
TSM2N7002KDCU6,https://services.taiwansemi.com/storage/resources/datasheet/TSM2N7002KDCU6_A2007.pdf,https://www.taiwansemi.com/en/stock-check/TSM2N7002KDCU6/,Obsolete,Dual,Trench,N-Channel,SOT-363,1.0,No,60,20,0.22,1.0,1.4,2.5,1500.0,2500.0,1600.0,3000.0,,0.91,0.33,0.32,30.0,15.0,6.0,150,Yes,IEC 61249-2-21,J-STD-002,Matte Tin,0.008663,UL 94 V-0
TSM2NB60CH,https://services.taiwansemi.com/storage/resources/datasheet/TSM2NB60CH_A2208.pdf,https://www.taiwansemi.com/en/stock-check/TSM2NB60CH/,Active,Single,Planar,N-Channel,TO-251 (I-PAK),,No,600,30,2.3,2.5,2.9,4.5,3900.0,4400.0,,,9.9,,1.5,4.7,316.0,32.0,1.0,150,Yes with exemption 7(a),IEC 61249-2-21,J-STD-002,Matte Tin,0.39851,UL 94 V-0
TSM2NB60CP,https://services.taiwansemi.com/storage/resources/datasheet/TSM2NB60CP_A2208.pdf,https://www.taiwansemi.com/en/stock-check/TSM2NB60CP/,Active,Single,Planar,N-Channel,TO-252 (D-PAK),3.0,No,600,30,2.3,2.5,2.9,4.5,3900.0,4400.0,,,9.9,,1.5,4.7,316.0,32.0,1.0,150,Yes with exemption 7(a),IEC 61249-2-21,J-STD-002,Matte Tin,0.32661,UL 94 V-0
TSM300NB06CR,https://services.taiwansemi.com/storage/resources/datasheet/TSM300NB06CR_B1804.pdf,https://www.taiwansemi.com/en/stock-check/TSM300NB06CR/,Active,Single,Trench,N-Channel,PDFN56,1.0,No,60,20,27.0,2.5,3.4,4.5,25.0,30.0,,,18.0,,6.0,4.0,1110.0,71.0,19.0,175,Yes with exemption 7(a),IEC 61249-2-21,J-STD-002,Matte Tin,0.09697,UL 94 V-0
TSM300NB06DCR,https://services.taiwansemi.com/storage/resources/datasheet/TSM300NB06DCR_A1908.pdf,https://www.taiwansemi.com/en/stock-check/TSM300NB06DCR/,Active,Dual,Trench,N-Channel,PDFN56 Dual,1.0,No,60,20,25.0,2.5,3.2,4.5,25.0,30.0,,,17.0,,6.0,4.0,1079.0,68.0,16.0,150,Yes with exemption 7(a),IEC 61249-2-21,J-STD-002,Matte Tin,0.095769,UL 94 V-0
TSM300NB06LCV,https://services.taiwansemi.com/storage/resources/datasheet/TSM300NB06LCV_A2008.pdf,https://www.taiwansemi.com/en/stock-check/TSM300NB06LCV/,Active,Single,Trench,N-Channel,PDFN33,1.0,No,60,20,24.0,1.0,1.8,2.5,24.0,30.0,29.0,39.0,17.0,8.0,4.0,3.0,962.0,68.0,24.0,150,Yes with exemption 7(a),IEC 61249-2-21,J-STD-002,Matte Tin,0.028,UL 94 V-0
TSM300NB06LDCR,https://services.taiwansemi.com/storage/resources/datasheet/TSM300NB06LDCR_A2004.pdf,https://www.taiwansemi.com/en/stock-check/TSM300NB06LDCR/,Active,Dual,Trench,N-Channel,PDFN56 Dual,1.0,No,60,20,24.0,1.2,1.7,2.5,25.0,30.0,29.0,39.0,17.0,9.0,3.0,4.0,966.0,69.0,22.0,150,Yes with exemption 7(a),IEC 61249-2-21,J-STD-002,Matte Tin,0.0866,UL 94 V-0
TSM320N03CX,https://services.taiwansemi.com/storage/resources/datasheet/TSM320N03CX_C1811.pdf,https://www.taiwansemi.com/en/stock-check/TSM320N03CX/,Active,Single,Trench,N-Channel,SOT-23,1.0,No,30,12,5.5,0.4,0.75,0.9,,,27.0,32.0,,8.9,1.5,2.0,792.0,53.0,21.0,150,Yes,IEC 61249-2-21,J-STD-002,Matte Tin,0.012742,UL 94 V-0
TSM340N06CH,https://services.taiwansemi.com/storage/resources/datasheet/TSM340N06_D14.pdf,https://www.taiwansemi.com/en/stock-check/TSM340N06CH/,Active,Single,Trench,N-Channel,TO-251S (I-PAK SL),,No,60,20,25.0,1.2,1.7,2.5,28.0,34.0,33.0,40.0,16.6,,2.2,3.9,1180.0,68.0,45.0,150,Yes with exemption 7(a),IEC 61249-2-21,J-STD-002,Matte Tin,0.33,UL 94 V-0
TSM340N06CP,https://services.taiwansemi.com/storage/resources/datasheet/TSM340N06_D14.pdf,https://www.taiwansemi.com/en/stock-check/TSM340N06CP/,Active,Single,Trench,N-Channel,TO-252 (D-PAK),3.0,No,60,20,25.0,1.2,1.7,2.5,28.0,34.0,33.0,40.0,16.6,,2.2,3.9,1180.0,68.0,45.0,150,Yes with exemption 7(a),IEC 61249-2-21,J-STD-002,Matte Tin,0.32661,UL 94 V-0
TSM3446CX6,https://services.taiwansemi.com/storage/resources/datasheet/TSM3446_F2401.pdf,https://www.taiwansemi.com/en/stock-check/TSM3446CX6/,Active,Single,Trench,N-Channel,SOT-26,3.0,No,20,12,5.3,0.5,0.7,1.0,,,27.0,33.0,,12.5,0.72,4.3,700.0,125.0,110.0,150,Yes,IEC 61249-2-21,J-STD-002,Matte Tin,,UL 94 V-0
TSM35N10CP,https://services.taiwansemi.com/storage/resources/datasheet/TSM35N10_C1807.pdf,https://www.taiwansemi.com/en/stock-check/TSM35N10CP/,Obsolete,Single,Trench,N-Channel,TO-252 (D-PAK),3.0,No,100,20,32.0,1.0,2.0,3.0,30.0,37.0,32.0,42.0,34.0,,6.0,9.0,1598.0,132.0,45.0,150,Yes with exemption 7(a),IEC 61249-2-21,J-STD-002,Matte Tin,0.291531,UL 94 V-0
TSM4424CS,https://services.taiwansemi.com/storage/resources/datasheet/TSM4424_D15.pdf,https://www.taiwansemi.com/en/stock-check/TSM4424CS/,Obsolete,Single,Trench,N-Channel,SOP-8,3.0,No,20,8,8.0,,0.65,1.0,,,23.0,30.0,,11.2,1.4,2.2,500.0,300.0,140.0,150,Yes,IEC 61249-2-21,J-STD-002,Matte Tin,0.00955,UL 94 V-0
TSM4436CS,https://services.taiwansemi.com/storage/resources/datasheet/TSM4436_C2401.pdf,https://www.taiwansemi.com/en/stock-check/TSM4436CS/,Active,Single,Trench,N-Channel,SOP-8,3.0,No,60,20,8.0,1.0,1.6,3.0,29.0,36.0,33.0,43.0,,10.0,2.7,4.6,1216.0,59.0,42.0,150,Yes,IEC 61249-2-21,J-STD-002,Matte Tin,0.083,UL 94 V-0
TSM4800N15CX6,https://services.taiwansemi.com/storage/resources/datasheet/TSM4800N15CX6_B1811.pdf,https://www.taiwansemi.com/en/stock-check/TSM4800N15CX6/,Active,Single,Trench,N-Channel,SOT-26,1.0,No,150,20,1.4,2.0,2.9,3.5,392.0,480.0,,,8.0,,2.0,2.7,332.0,20.0,1.0,150,Yes,IEC 61249-2-21,J-STD-002,Matte Tin,0.015362,UL 94 V-0
TSM4806CS,https://services.taiwansemi.com/storage/resources/datasheet/TSM4806_B1710.pdf,https://www.taiwansemi.com/en/stock-check/TSM4806CS/,Active,Single,Trench,N-Channel,SOP-8,1.0,No,20,8,28.0,0.3,0.6,1.0,,,16.0,20.0,,12.3,1.95,3.08,961.0,92.3,80.4,150,Yes,IEC 61249-2-21,J-STD-002,Matte Tin,0.083,UL 94 V-0
TSM4936DCS,https://services.taiwansemi.com/storage/resources/datasheet/TSM4936DCS_D2407.pdf,https://www.taiwansemi.com/en/stock-check/TSM4936DCS/,Active,Dual,Trench,N-Channel,SOP-8,3.0,No,30,20,6.0,1.0,1.6,3.0,16.0,36.0,31.0,53.0,9.2,,1.5,2.4,399.0,73.0,59.0,150,Yes,IEC 61249-2-21,J-STD-002,Matte Tin,,UL 94 V-0
TSM4946DCS,https://services.taiwansemi.com/storage/resources/datasheet/TSM4946DCS_C2303.pdf,https://www.taiwansemi.com/en/stock-check/TSM4946DCS/,Active,Dual,Trench,N-Channel,SOP-8,3.0,No,60,20,4.5,1.0,,3.0,45.0,55.0,55.0,75.0,18.0,10.5,4.0,3.0,910.0,145.0,67.0,150,Yes,IEC 61249-2-21,J-STD-002,Matte Tin,0.073,UL 94 V-0
TSM4NB60CH,https://services.taiwansemi.com/storage/resources/datasheet/TSM4NB60CH_A2208.pdf,https://www.taiwansemi.com/en/stock-check/TSM4NB60CH/,Active,Single,Planar,N-Channel,TO-251 (I-PAK),,No,600,30,4.0,2.5,2.8,4.5,2000.0,2500.0,,,16.0,,2.6,7.0,574.0,56.0,7.0,150,Yes with exemption 7(a),IEC 61249-2-21,J-STD-002,Matte Tin,0.39851,UL 94 V-0
TSM4NB60CI,https://services.taiwansemi.com/storage/resources/datasheet/TSM4NB60_L1901.pdf,https://www.taiwansemi.com/en/stock-check/TSM4NB60CI/,Obsolete,Single,Planar,N-Channel,ITO-220,,No,600,30,4.0,2.5,,4.5,2200.0,2500.0,,,14.5,,3.4,7.0,500.0,53.2,7.0,150,Yes with exemption 7(a),IEC 61249-2-21,J-STD-002,Matte Tin,,UL 94 V-0
TSM4NB60CP,https://services.taiwansemi.com/storage/resources/datasheet/TSM4NB60CP_A2208.pdf,https://www.taiwansemi.com/en/stock-check/TSM4NB60CP/,Active,Single,Planar,N-Channel,TO-252 (D-PAK),3.0,No,600,30,4.0,2.5,2.8,4.5,2000.0,2500.0,,,16.0,,2.6,7.0,574.0,56.0,7.0,150,Yes with exemption 7(a),IEC 61249-2-21,J-STD-002,Matte Tin,0.32661,UL 94 V-0
TSM4NB65CH,https://services.taiwansemi.com/storage/resources/datasheet/TSM4NB65_D15.pdf,https://www.taiwansemi.com/en/stock-check/TSM4NB65CH/,Obsolete,Single,Planar,N-Channel,TO-251 (I-PAK),,No,650,30,4.0,2.5,3.6,4.5,2700.0,3370.0,,,13.46,,2.98,6.66,549.0,75.0,18.0,150,Yes with exemption 7(a),IEC 61249-2-21,J-STD-002,Matte Tin,,UL 94 V-0
TSM4NB65CI,https://services.taiwansemi.com/storage/resources/datasheet/TSM4NB65_D15.pdf,https://www.taiwansemi.com/en/stock-check/TSM4NB65CI/,Obsolete,Single,Planar,N-Channel,ITO-220,,No,650,30,4.0,2.5,3.6,4.5,2700.0,3370.0,,,13.46,,2.98,6.66,549.0,75.0,18.0,150,Yes with exemption 7(a),IEC 61249-2-21,J-STD-002,Matte Tin,,UL 94 V-0
TSM4NB65CP,https://services.taiwansemi.com/storage/resources/datasheet/TSM4NB65_D15.pdf,https://www.taiwansemi.com/en/stock-check/TSM4NB65CP/,Obsolete,Single,Planar,N-Channel,TO-252 (D-PAK),3.0,No,650,30,4.0,2.5,3.6,4.5,2700.0,3370.0,,,13.46,,2.98,6.66,549.0,75.0,18.0,150,Yes with exemption 7(a),IEC 61249-2-21,J-STD-002,Matte Tin,,UL 94 V-0
TSM4NC50CP,https://services.taiwansemi.com/storage/resources/datasheet/TSM4NC50CP_A1609.pdf,https://www.taiwansemi.com/en/stock-check/TSM4NC50CP/,Obsolete,Single,Planar,N-Channel,TO-252 (D-PAK),3.0,No,500,20,4.0,2.0,2.2,3.0,2400.0,2700.0,,,12.0,,2.2,4.4,453.0,27.0,1.0,150,Yes with exemption 7(a),IEC 61249-2-21,J-STD-002,Matte Tin,,UL 94 V-0
TSM4ND60CI,https://services.taiwansemi.com/storage/resources/datasheet/TSM4ND60CI_A1804.pdf,https://www.taiwansemi.com/en/stock-check/TSM4ND60CI/,Obsolete,Single,Planar,N-Channel,ITO-220,,No,600,30,4.0,2.5,3.0,3.8,1700.0,2200.0,,,17.2,,2.9,7.8,582.0,38.0,1.0,150,Yes with exemption 7(a),IEC 61249-2-21,J-STD-002,Matte Tin,,UL 94 V-0
TSM4ND65CI,https://services.taiwansemi.com/storage/resources/datasheet/TSM4ND65CI_A1804.pdf,https://www.taiwansemi.com/en/stock-check/TSM4ND65CI/,Obsolete,Single,Planar,N-Channel,ITO-220,,No,650,30,4.0,2.5,2.9,3.8,1850.0,2600.0,,,16.8,,2.7,7.6,596.0,38.0,1.0,150,Yes with exemption 7(a),IEC 61249-2-21,J-STD-002,Matte Tin,,UL 94 V-0
TSM500N15CS,https://services.taiwansemi.com/storage/resources/datasheet/TSM500N15CS_A2112.pdf,https://www.taiwansemi.com/en/stock-check/TSM500N15CS/,Active,Single,Trench,N-Channel,SOP-8,1.0,No,150,20,11.0,2.0,3.0,4.0,40.6,50.0,,,20.5,,4.6,6.0,1123.0,80.0,4.9,150,Yes,IEC 61249-2-21,J-STD-002,Matte Tin,0.083,UL 94 V-0
TSM5055DCR (Q1),https://services.taiwansemi.com/storage/resources/datasheet/TSM5055DCR_B1703.pdf,https://www.taiwansemi.com/en/stock-check/TSM5055DCR (Q1)/,Active,Dual,Trench,N-Channel,PDFN56 Asymmetric Dual,1.0,No,30,20,38.0,1.2,1.9,2.5,8.8,11.7,12.8,14.9,9.3,4.6,2.1,1.8,555.0,142.0,26.0,150,Yes,IEC 61249-2-21,J-STD-002,Matte Tin,0.093,UL 94 V-0
TSM5055DCR (Q2),https://services.taiwansemi.com/storage/resources/datasheet/TSM5055DCR_B1703.pdf,https://www.taiwansemi.com/en/stock-check/TSM5055DCR (Q2)/,Active,Dual,Trench,N-Channel,PDFN56 Asymmetric Dual,1.0,No,30,20,107.0,1.2,1.6,2.5,2.7,3.6,3.7,5.5,49.0,25.0,7.3,12.0,2550.0,388.0,276.0,150,Yes,IEC 61249-2-21,J-STD-002,Matte Tin,0.093,UL 94 V-0
TSM5NC50CF,https://services.taiwansemi.com/storage/resources/datasheet/TSM5NC50CF_A1607.pdf,https://www.taiwansemi.com/en/stock-check/TSM5NC50CF/,Obsolete,Single,Planar,N-Channel,ITO-220S,,No,500,30,5.0,2.5,3.3,4.5,1100.0,1380.0,,,15.0,,4.0,7.0,586.0,45.0,1.0,150,Yes with exemption 7(a),IEC 61249-2-21,J-STD-002,Matte Tin,,UL 94 V-0
TSM5NC50CP,https://services.taiwansemi.com/storage/resources/datasheet/TSM5NC50CP_A1609.pdf,https://www.taiwansemi.com/en/stock-check/TSM5NC50CP/,Obsolete,Single,Planar,N-Channel,TO-252 (D-PAK),3.0,No,500,30,5.0,2.5,3.3,4.5,1200.0,1380.0,,,15.0,,4.0,7.0,586.0,45.0,1.0,150,Yes with exemption 7(a),IEC 61249-2-21,J-STD-002,Matte Tin,,UL 94 V-0
TSM5NC50CZ,https://services.taiwansemi.com/storage/resources/datasheet/TSM5NC50CZ_A1705.pdf,https://www.taiwansemi.com/en/stock-check/TSM5NC50CZ/,Obsolete,Single,Planar,N-Channel,TO-220,,No,500,30,5.0,2.5,3.3,4.5,1200.0,1380.0,,,15.0,,4.0,7.0,856.0,45.0,1.0,150,Yes,IEC 61249-2-21,J-STD-002,Matte Tin,,UL 94 V-0
TSM5ND50CI,https://services.taiwansemi.com/storage/resources/datasheet/TSM5ND50CI_A1804.pdf,https://www.taiwansemi.com/en/stock-check/TSM5ND50CI/,Obsolete,Single,Planar,N-Channel,ITO-220,,No,500,30,5.0,2.5,3.0,3.8,1160.0,1500.0,,,16.0,,3.2,7.2,603.0,50.0,1.0,150,Yes with exemption 7(a),IEC 61249-2-21,J-STD-002,Matte Tin,,UL 94 V-0
TSM600NA25CIT,https://services.taiwansemi.com/storage/resources/datasheet/TSM600NA25CIT_B2402.pdf,https://www.taiwansemi.com/en/stock-check/TSM600NA25CIT/,Active,Single,Trench,N-Channel,ITO-220TL,,No,250,30,22.0,2.0,3.6,4.2,56.0,60.0,,,71.0,,16.0,26.0,3086.0,193.0,22.0,150,Yes with exemption 7(a),IEC 61249-2-21,J-STD-002,Matte Tin,1.584,UL 94 V-0
TSM60N1R4CH,https://services.taiwansemi.com/storage/resources/datasheet/TSM60N1R4_A14.pdf,https://www.taiwansemi.com/en/stock-check/TSM60N1R4CH/,Obsolete,Single,Super Junction,N-Channel,TO-251 (I-PAK),,No,600,30,3.3,2.0,,4.0,880.0,1400.0,,,7.7,,1.9,2.8,370.0,34.0,,150,Yes with exemption 7(a),IEC 61249-2-21,J-STD-002,Matte Tin,,UL 94 V-0
TSM60N1R4CP,https://services.taiwansemi.com/storage/resources/datasheet/TSM60N1R4_A14.pdf,https://www.taiwansemi.com/en/stock-check/TSM60N1R4CP/,Obsolete,Single,Super Junction,N-Channel,TO-252 (D-PAK),3.0,No,600,30,3.3,2.0,,4.0,880.0,1400.0,,,7.7,,1.9,2.8,370.0,34.0,,150,Yes with exemption 7(a),IEC 61249-2-21,J-STD-002,Matte Tin,,UL 94 V-0
TSM60N380CH,https://services.taiwansemi.com/storage/resources/datasheet/TSM60N380_A14.pdf,https://www.taiwansemi.com/en/stock-check/TSM60N380CH/,Obsolete,Single,Super Junction,N-Channel,TO-251 (I-PAK),,No,600,30,11.0,2.0,3.0,4.0,310.0,380.0,,,20.5,,4.8,6.5,1040.0,66.0,,150,Yes with exemption 7(a),IEC 61249-2-21,J-STD-002,Matte Tin,,UL 94 V-0
TSM60N380CI,https://services.taiwansemi.com/storage/resources/datasheet/TSM60N380_A14.pdf,https://www.taiwansemi.com/en/stock-check/TSM60N380CI/,Obsolete,Single,Super Junction,N-Channel,ITO-220,,No,600,30,11.0,2.0,3.0,4.0,310.0,380.0,,,20.5,,4.8,6.5,1040.0,66.0,,150,Yes with exemption 7(a),IEC 61249-2-21,J-STD-002,Matte Tin,,UL 94 V-0
TSM60N380CP,https://services.taiwansemi.com/storage/resources/datasheet/TSM60N380_A14.pdf,https://www.taiwansemi.com/en/stock-check/TSM60N380CP/,Obsolete,Single,Super Junction,N-Channel,TO-252 (D-PAK),3.0,No,600,30,11.0,2.0,3.0,4.0,310.0,380.0,,,20.5,,4.8,6.5,1040.0,66.0,,150,Yes with exemption 7(a),IEC 61249-2-21,J-STD-002,Matte Tin,,UL 94 V-0
TSM60N600CH,https://services.taiwansemi.com/storage/resources/datasheet/TSM60N600_C1706.pdf,https://www.taiwansemi.com/en/stock-check/TSM60N600CH/,Obsolete,Single,Super Junction,N-Channel,TO-251 (I-PAK),,No,600,30,8.0,2.0,3.0,4.0,490.0,600.0,,,13.0,,3.0,4.0,743.0,66.0,,150,Yes with exemption 7(a),IEC 61249-2-21,J-STD-002,Matte Tin,,UL 94 V-0
TSM60N600CI,https://services.taiwansemi.com/storage/resources/datasheet/TSM60N600_C1706.pdf,https://www.taiwansemi.com/en/stock-check/TSM60N600CI/,Obsolete,Single,Super Junction,N-Channel,ITO-220,,No,600,30,8.0,2.0,3.0,4.0,490.0,600.0,,,13.0,,3.0,4.0,743.0,66.0,,150,Yes with exemption 7(a),IEC 61249-2-21,J-STD-002,Matte Tin,,UL 94 V-0
TSM60N600CP,https://services.taiwansemi.com/storage/resources/datasheet/TSM60N600_C1706.pdf,https://www.taiwansemi.com/en/stock-check/TSM60N600CP/,Obsolete,Single,Super Junction,N-Channel,TO-252 (D-PAK),3.0,No,600,30,8.0,2.0,3.0,4.0,490.0,600.0,,,13.0,,3.0,4.0,743.0,66.0,,150,Yes with exemption 7(a),IEC 61249-2-21,J-STD-002,Matte Tin,,UL 94 V-0
TSM60N900CH,https://services.taiwansemi.com/storage/resources/datasheet/TSM60N900_B14.pdf,https://www.taiwansemi.com/en/stock-check/TSM60N900CH/,Obsolete,Single,Super Junction,N-Channel,TO-251 (I-PAK),,No,600,30,4.5,2.0,3.0,4.0,720.0,900.0,,,9.7,,2.3,3.6,480.0,36.0,,150,Yes with exemption 7(a),IEC 61249-2-21,J-STD-002,Matte Tin,,UL 94 V-0
TSM60N900CI,https://services.taiwansemi.com/storage/resources/datasheet/TSM60N900_B14.pdf,https://www.taiwansemi.com/en/stock-check/TSM60N900CI/,Obsolete,Single,Super Junction,N-Channel,ITO-220,,No,600,30,4.5,2.0,3.0,4.0,720.0,900.0,,,9.7,,2.3,3.6,480.0,36.0,,150,Yes with exemption 7(a),IEC 61249-2-21,J-STD-002,Matte Tin,,UL 94 V-0
TSM60N900CP,https://services.taiwansemi.com/storage/resources/datasheet/TSM60N900_B14.pdf,https://www.taiwansemi.com/en/stock-check/TSM60N900CP/,Obsolete,Single,Super Junction,N-Channel,TO-252 (D-PAK),3.0,No,600,30,4.5,2.0,3.0,4.0,720.0,900.0,,,9.7,,2.3,3.6,480.0,36.0,,150,Yes with exemption 7(a),IEC 61249-2-21,J-STD-002,Matte Tin,,UL 94 V-0
TSM60NB041PW,https://services.taiwansemi.com/storage/resources/datasheet/TSM60NB041PW_A1706.pdf,https://www.taiwansemi.com/en/stock-check/TSM60NB041PW/,Obsolete,Single,Super Junction G2,N-Channel,TO-247,,No,600,30,78.0,2.0,3.0,4.0,38.0,41.0,,,139.0,,41.0,52.0,6120.0,276.0,43.0,150,Yes with exemption 7(a),IEC 61249-2-21,J-STD-002,Matte Tin,,UL 94 V-0
TSM60NB099CF,https://services.taiwansemi.com/storage/resources/datasheet/TSM60NB099CF_A1705.pdf,https://www.taiwansemi.com/en/stock-check/TSM60NB099CF/,Obsolete,Single,Super Junction G2,N-Channel,ITO-220S,,No,600,30,38.0,2.0,3.0,4.0,81.0,99.0,,,62.0,,15.0,26.0,2587.0,123.0,20.0,150,Yes with exemption 7(a),IEC 61249-2-21,J-STD-002,Matte Tin,,UL 94 V-0
TSM60NB099CZ,https://services.taiwansemi.com/storage/resources/datasheet/TSM60NB099CZ_A1705.pdf,https://www.taiwansemi.com/en/stock-check/TSM60NB099CZ/,Obsolete,Single,Super Junction G2,N-Channel,TO-220,,No,600,30,38.0,2.0,3.0,4.0,86.0,99.0,,,62.0,,17.0,25.0,2587.0,123.0,20.0,150,Yes,IEC 61249-2-21,J-STD-002,Matte Tin,,UL 94 V-0
TSM60NB099PW,https://services.taiwansemi.com/storage/resources/datasheet/TSM60NB099PW_A1705.pdf,https://www.taiwansemi.com/en/stock-check/TSM60NB099PW/,Obsolete,Single,Super Junction G2,N-Channel,TO-247,,No,600,30,38.0,2.0,3.0,4.0,86.0,99.0,,,62.0,,17.0,25.0,2587.0,123.0,20.0,150,Yes with exemption 7(a),IEC 61249-2-21,J-STD-002,Matte Tin,,UL 94 V-0
TSM60NB150CF,https://services.taiwansemi.com/storage/resources/datasheet/TSM60NB150CF_A1705.pdf,https://www.taiwansemi.com/en/stock-check/TSM60NB150CF/,Obsolete,Single,Super Junction G2,N-Channel,ITO-220S,,No,600,30,24.0,2.0,3.2,4.0,124.0,150.0,,,43.0,,10.0,17.0,1765.0,84.0,11.0,150,Yes with exemption 7(a),IEC 61249-2-21,J-STD-002,Matte Tin,,UL 94 V-0
TSM60NB190CF,https://services.taiwansemi.com/storage/resources/datasheet/TSM60NB190CF_B1901.pdf,https://www.taiwansemi.com/en/stock-check/TSM60NB190CF/,Obsolete,Single,Super Junction G2,N-Channel,ITO-220S,,No,600,30,18.0,2.0,3.2,4.0,170.0,190.0,,,32.0,,8.0,14.0,1311.0,71.0,4.0,150,Yes with exemption 7(a),IEC 61249-2-21,J-STD-002,Matte Tin,,UL 94 V-0
TSM60NB190CI,https://services.taiwansemi.com/storage/resources/datasheet/TSM60NB190_D1608.pdf,https://www.taiwansemi.com/en/stock-check/TSM60NB190CI/,Obsolete,Single,Super Junction G2,N-Channel,ITO-220,,No,600,30,18.0,2.0,3.0,4.0,170.0,190.0,,,31.0,,8.0,12.6,1273.0,92.0,,150,Yes with exemption 7(a),IEC 61249-2-21,J-STD-002,Matte Tin,,UL 94 V-0
TSM60NB190CM2,https://services.taiwansemi.com/storage/resources/datasheet/TSM60NB190CM2_A1608.pdf,https://www.taiwansemi.com/en/stock-check/TSM60NB190CM2/,Obsolete,Single,Super Junction G2,N-Channel,TO-263 (D²-PAK),3.0,No,600,30,18.0,2.0,3.0,4.0,170.0,190.0,,,31.0,,8.0,12.6,1273.0,92.0,,150,Yes with exemption 7(a),IEC 61249-2-21,J-STD-002,Matte Tin,,UL 94 V-0
TSM60NB190CZ,https://services.taiwansemi.com/storage/resources/datasheet/TSM60NB190_D1608.pdf,https://www.taiwansemi.com/en/stock-check/TSM60NB190CZ/,Obsolete,Single,Super Junction G2,N-Channel,TO-220,,No,600,30,18.0,2.0,3.0,4.0,170.0,190.0,,,31.0,,8.0,12.6,1273.0,92.0,,150,Yes with exemption 7(a),IEC 61249-2-21,J-STD-002,Matte Tin,,UL 94 V-0
TSM60NB1R4CH,https://services.taiwansemi.com/storage/resources/datasheet/TSM60NB1R4CH_A1608.pdf,https://www.taiwansemi.com/en/stock-check/TSM60NB1R4CH/,Obsolete,Single,Super Junction G2,N-Channel,TO-251 (I-PAK),,No,600,30,3.0,2.0,3.3,4.0,1000.0,1400.0,,,7.12,,3.52,1.62,257.3,41.5,,150,Yes with exemption 7(a),IEC 61249-2-21,J-STD-002,Matte Tin,,UL 94 V-0
TSM60NB1R4CP,https://services.taiwansemi.com/storage/resources/datasheet/TSM60NB1R4CP_A1608.pdf,https://www.taiwansemi.com/en/stock-check/TSM60NB1R4CP/,Obsolete,Single,Super Junction G2,N-Channel,TO-252 (D-PAK),3.0,No,600,30,3.0,2.0,3.3,4.0,1000.0,1400.0,,,7.12,,3.52,1.62,257.3,41.5,,150,Yes with exemption 7(a),IEC 61249-2-21,J-STD-002,Matte Tin,,UL 94 V-0
TSM60NB260CI,https://services.taiwansemi.com/storage/resources/datasheet/TSM60NB260_A1511.pdf,https://www.taiwansemi.com/en/stock-check/TSM60NB260CI/,Obsolete,Single,Super Junction G2,N-Channel,ITO-220,,No,600,30,13.0,2.0,3.0,4.0,190.0,260.0,,,30.0,,6.6,11.7,1273.0,92.0,,150,Yes with exemption 7(a),IEC 61249-2-21,J-STD-002,Matte Tin,,UL 94 V-0
TSM60NB380CF,https://services.taiwansemi.com/storage/resources/datasheet/TSM60NB380CF_A1612.pdf,https://www.taiwansemi.com/en/stock-check/TSM60NB380CF/,Obsolete,Single,Super Junction G2,N-Channel,ITO-220S,,No,600,30,11.0,2.0,3.3,4.0,280.0,380.0,,,21.0,,5.0,9.0,810.0,39.0,1.0,150,Yes with exemption 7(a),IEC 61249-2-21,J-STD-002,Matte Tin,,UL 94 V-0
TSM60NB380CH,https://services.taiwansemi.com/storage/resources/datasheet/TSM60NB380CH_A1607.pdf,https://www.taiwansemi.com/en/stock-check/TSM60NB380CH/,Obsolete,Single,Super Junction G2,N-Channel,TO-251 (I-PAK),,No,600,30,9.5,2.0,3.0,4.0,260.0,380.0,,,19.4,,3.5,8.9,795.0,67.0,,150,Yes with exemption 7(a),IEC 61249-2-21,J-STD-002,Matte Tin,,UL 94 V-0
TSM60NB380CP,https://services.taiwansemi.com/storage/resources/datasheet/TSM60NB380CP_A1608.pdf,https://www.taiwansemi.com/en/stock-check/TSM60NB380CP/,Obsolete,Single,Super Junction G2,N-Channel,TO-252 (D-PAK),3.0,No,600,30,9.5,2.0,3.0,4.0,260.0,380.0,,,19.4,,3.5,8.9,795.0,67.0,,150,Yes with exemption 7(a),IEC 61249-2-21,J-STD-002,Matte Tin,,UL 94 V-0
TSM60NB600CF,https://services.taiwansemi.com/storage/resources/datasheet/TSM60NB600CF_A1701.pdf,https://www.taiwansemi.com/en/stock-check/TSM60NB600CF/,Obsolete,Single,Super Junction G2,N-Channel,ITO-220S,,No,600,30,8.0,2.0,3.3,4.0,440.0,600.0,,,16.0,,4.0,8.0,528.0,31.0,1.0,150,Yes with exemption 7(a),IEC 61249-2-21,J-STD-002,Matte Tin,,UL 94 V-0
TSM60NB600CH,https://services.taiwansemi.com/storage/resources/datasheet/TSM60NB600CH_A1608.pdf,https://www.taiwansemi.com/en/stock-check/TSM60NB600CH/,Obsolete,Single,Super Junction G2,N-Channel,TO-251 (I-PAK),,No,600,30,7.0,2.0,3.4,4.0,450.0,600.0,,,13.0,,3.36,5.56,516.0,55.0,,150,Yes with exemption 7(a),IEC 61249-2-21,J-STD-002,Matte Tin,,UL 94 V-0
TSM60NB600CP,https://services.taiwansemi.com/storage/resources/datasheet/TSM60NB600CP_A1608.pdf,https://www.taiwansemi.com/en/stock-check/TSM60NB600CP/,Obsolete,Single,Super Junction G2,N-Channel,TO-252 (D-PAK),3.0,No,600,30,7.0,2.0,3.4,4.0,450.0,600.0,,,13.0,,3.36,5.56,516.0,55.0,,150,Yes with exemption 7(a),IEC 61249-2-21,J-STD-002,Matte Tin,,UL 94 V-0
TSM60NB900CH,https://services.taiwansemi.com/storage/resources/datasheet/TSM60NB900CH_A1608.pdf,https://www.taiwansemi.com/en/stock-check/TSM60NB900CH/,Obsolete,Single,Super Junction G2,N-Channel,TO-251 (I-PAK),,No,600,30,4.0,2.0,3.3,4.0,690.0,900.0,,,9.6,,2.0,4.5,315.0,46.4,,150,Yes with exemption 7(a),IEC 61249-2-21,J-STD-002,Matte Tin,,UL 94 V-0
TSM60NB900CP,https://services.taiwansemi.com/storage/resources/datasheet/TSM60NB900CP_A1608.pdf,https://www.taiwansemi.com/en/stock-check/TSM60NB900CP/,Obsolete,Single,Super Junction G2,N-Channel,TO-252 (D-PAK),3.0,No,600,30,4.0,2.0,3.3,4.0,690.0,900.0,,,9.6,,2.0,4.5,315.0,46.4,,150,Yes with exemption 7(a),IEC 61249-2-21,J-STD-002,Matte Tin,,UL 94 V-0
TSM60NC165CI,https://services.taiwansemi.com/storage/resources/datasheet/TSM60NC165CI_D2406.pdf,https://www.taiwansemi.com/en/stock-check/TSM60NC165CI/,Active,Single,Super Junction G3,N-Channel,ITO-220,,No,600,20,24.0,3.0,3.9,5.0,150.0,165.0,,,44.0,,13.0,18.0,1857.0,53.0,13.0,150,Yes with exemption 7(a),IEC 61249-2-21,J-STD-002,Matte Tin,1.688,UL 94 V-0
TSM60NC196CI,https://services.taiwansemi.com/storage/resources/datasheet/TSM60NC196CI_D2406.pdf,https://www.taiwansemi.com/en/stock-check/TSM60NC196CI/,Active,Single,Super Junction G3,N-Channel,ITO-220,,No,600,20,20.0,3.0,4.3,5.0,170.0,196.0,,,39.0,,12.0,18.0,1535.0,47.0,10.0,150,Yes with exemption 7(a),IEC 61249-2-21,J-STD-002,Matte Tin,1.688,UL 94 V-0
TSM60NC196CM2,https://services.taiwansemi.com/storage/resources/datasheet/TSM60NC196CM2_D2406.pdf,https://www.taiwansemi.com/en/stock-check/TSM60NC196CM2/,Active,Single,Super Junction G3,N-Channel,TO-263-2L (D2PAK-2L),3.0,No,600,20,28.0,3.0,4.2,5.0,182.0,196.0,,,39.0,,12.0,17.0,1566.0,46.0,11.0,150,Yes with exemption 7(a),IEC 61249-2-21,J-STD-002,Matte Tin,1.472,UL 94 V-0
TSM60NC1R5CH,https://services.taiwansemi.com/storage/resources/datasheet/TSM60NC1R5CH_C2406.pdf,https://www.taiwansemi.com/en/stock-check/TSM60NC1R5CH/,Active,Single,Super Junction G3,N-Channel,TO-251 (I-PAK),,No,600,20,3.0,3.0,4.3,5.0,1300.0,1500.0,,,7.6,,2.6,4.0,235.0,16.0,10.0,150,Yes with exemption 7(a),IEC 61249-2-21,J-STD-002,Matte Tin,0.39851,UL 94 V-0
TSM60NC1R5CP,https://services.taiwansemi.com/storage/resources/datasheet/TSM60NC1R5CP_D2406.pdf,https://www.taiwansemi.com/en/stock-check/TSM60NC1R5CP/,Active,Single,Super Junction G3,N-Channel,TO-252 (D-PAK),3.0,No,600,20,3.0,3.5,4.2,5.5,1300.0,1500.0,,,8.1,,2.5,3.4,235.0,16.0,10.0,150,Yes with exemption 7(a),IEC 61249-2-21,J-STD-002,Matte Tin,0.313,UL 94 V-0
TSM60NC390CH,https://services.taiwansemi.com/storage/resources/datasheet/TSM60NC390CH_C2405.pdf,https://www.taiwansemi.com/en/stock-check/TSM60NC390CH/,Active,Single,Super Junction G3,N-Channel,TO-251 (I-PAK),,No,600,20,11.0,3.0,4.5,5.0,350.0,390.0,,,21.4,,6.1,10.1,813.0,27.0,12.0,150,Yes with exemption 7(a),IEC 61249-2-21,J-STD-002,Matte Tin,0.4,UL 94 V-0
TSM60NC390CI,https://services.taiwansemi.com/storage/resources/datasheet/TSM60NC390CI_F2406.pdf,https://www.taiwansemi.com/en/stock-check/TSM60NC390CI/,Active,Single,Super Junction G3,N-Channel,ITO-220,,No,600,20,11.0,3.0,,5.0,350.0,390.0,,,21.3,,6.2,9.9,814.0,27.0,13.0,150,Yes with exemption 7(a),IEC 61249-2-21,J-STD-002,Matte Tin,1.688,UL 94 V-0
TSM60NC390CP,https://services.taiwansemi.com/storage/resources/datasheet/TSM60NC390CP_D2406.pdf,https://www.taiwansemi.com/en/stock-check/TSM60NC390CP/,Active,Single,Super Junction G3,N-Channel,TO-252 (D-PAK),3.0,No,600,20,11.0,3.0,4.5,5.0,350.0,390.0,,,21.0,,6.0,10.0,783.0,27.0,13.0,150,Yes with exemption 7(a),IEC 61249-2-21,J-STD-002,Matte Tin,0.313,UL 94 V-0
TSM60NC620CH,https://services.taiwansemi.com/storage/resources/datasheet/TSM60NC620CH_B2405.pdf,https://www.taiwansemi.com/en/stock-check/TSM60NC620CH/,Active,Single,Super Junction G3,N-Channel,TO-251 (I-PAK),,No,600,20,7.0,3.0,4.5,5.0,580.0,620.0,,,15.0,,4.3,5.8,501.0,20.0,12.0,150,Yes with exemption 7(a),IEC 61249-2-21,J-STD-002,Matte Tin,0.39851,UL 94 V-0
TSM60NC620CI,https://services.taiwansemi.com/storage/resources/datasheet/TSM60NC620CI_B2406.pdf,https://www.taiwansemi.com/en/stock-check/TSM60NC620CI/,Active,Single,Super Junction G3,N-Channel,ITO-220,,No,600,20,7.0,3.0,4.6,5.0,560.0,620.0,,,15.0,,4.3,5.6,506.0,20.0,11.0,150,Yes with exemption 7(a),IEC 61249-2-21,J-STD-002,Matte Tin,0.39851,UL 94 V-0
TSM60NC620CP,https://services.taiwansemi.com/storage/resources/datasheet/TSM60NC620CP_B2406.pdf,https://www.taiwansemi.com/en/stock-check/TSM60NC620CP/,Active,Single,Super Junction G3,N-Channel,TO-252 (D-PAK),3.0,No,600,20,7.0,3.0,4.5,5.0,570.0,620.0,,,15.0,,4.3,5.8,498.0,20.0,11.0,150,Yes with exemption 7(a),IEC 61249-2-21,J-STD-002,Matte Tin,0.39851,UL 94 V-0
TSM60NC980CH,https://services.taiwansemi.com/storage/resources/datasheet/TSM60NC980CH_B2406.pdf,https://www.taiwansemi.com/en/stock-check/TSM60NC980CH/,Active,Single,Super Junction G3,N-Channel,TO-251 (I-PAK),,No,600,20,4.0,3.0,4.5,5.0,890.0,980.0,,,11.0,,2.9,4.5,330.0,16.0,12.0,150,Yes with exemption 7(a),IEC 61249-2-21,J-STD-002,Matte Tin,0.39851,UL 94 V-0
TSM60NC980CP,https://services.taiwansemi.com/storage/resources/datasheet/TSM60NC980CP_B2406.pdf,https://www.taiwansemi.com/en/stock-check/TSM60NC980CP/,Active,Single,Super Junction G3,N-Channel,TO-252 (D-PAK),3.0,No,600,20,4.0,3.0,4.5,5.0,870.0,980.0,,,11.0,,2.9,4.7,330.0,16.0,11.0,150,Yes with exemption 7(a),IEC 61249-2-21,J-STD-002,Matte Tin,0.39851,UL 94 V-0
TSM650N15CR,https://services.taiwansemi.com/storage/resources/datasheet/TSM650N15CR_B1606.pdf,https://www.taiwansemi.com/en/stock-check/TSM650N15CR/,Obsolete,Single,Trench,N-Channel,PDFN56,1.0,No,150,20,24.0,2.0,2.7,4.0,47.0,65.0,,,36.0,,10.0,12.0,1829.0,94.0,65.0,150,Yes with exemption 7(a),IEC 61249-2-21,J-STD-002,Matte Tin,0.093916,UL 94 V-0
TSM650N15CS,https://services.taiwansemi.com/storage/resources/datasheet/TSM650N15CS_C1710.pdf,https://www.taiwansemi.com/en/stock-check/TSM650N15CS/,Obsolete,Single,Trench,N-Channel,SOP-8,1.0,No,150,20,9.0,2.0,2.7,4.0,51.0,65.0,,,37.0,,9.0,12.0,1783.0,94.0,18.0,150,Yes,IEC 61249-2-21,J-STD-002,Matte Tin,0.083,UL 94 V-0
TSM6866SDCA,https://services.taiwansemi.com/storage/resources/datasheet/TSM6866SD_C15.pdf,https://www.taiwansemi.com/en/stock-check/TSM6866SDCA/,Obsolete,Dual,Trench,N-Channel,TSSOP-8,3.0,No,20,12,6.0,0.6,0.85,1.2,,,21.0,30.0,,5.0,1.0,1.5,565.0,105.0,75.0,150,Yes,IEC 61249-2-21,J-STD-002,Matte Tin,0.042,UL 94 V-0
TSM6968DCA,https://services.taiwansemi.com/storage/resources/datasheet/TSM6968D_E15.pdf,https://www.taiwansemi.com/en/stock-check/TSM6968DCA/,Obsolete,Dual,Trench,N-Channel,TSSOP-8,3.0,No,20,12,6.5,0.6,0.8,1.0,,,15.0,22.0,,15.0,3.4,1.2,950.0,450.0,135.0,150,Yes,IEC 61249-2-21,J-STD-002,Matte Tin,,UL 94 V-0
TSM6968SDCA,https://services.taiwansemi.com/storage/resources/datasheet/TSM6968SD_F15.pdf,https://www.taiwansemi.com/en/stock-check/TSM6968SDCA/,Obsolete,Dual,Trench,N-Channel,TSSOP-8,3.0,No,20,12,6.5,0.6,0.8,1.0,,,15.0,22.0,,15.0,3.4,1.2,950.0,450.0,135.0,150,Yes,IEC 61249-2-21,J-STD-002,Matte Tin,,UL 94 V-0
TSM70N1R4CH,https://services.taiwansemi.com/storage/resources/datasheet/TSM70N1R4_D1706.pdf,https://www.taiwansemi.com/en/stock-check/TSM70N1R4CH/,Obsolete,Single,Super Junction,N-Channel,TO-251 (I-PAK),,No,700,30,3.3,2.0,,4.0,900.0,1400.0,,,7.7,,1.9,2.8,370.0,34.0,,150,Yes with exemption 7(a),IEC 61249-2-21,J-STD-002,Matte Tin,,UL 94 V-0
TSM70N1R4CP,https://services.taiwansemi.com/storage/resources/datasheet/TSM70N1R4_D1706.pdf,https://www.taiwansemi.com/en/stock-check/TSM70N1R4CP/,Obsolete,Single,Super Junction,N-Channel,TO-252 (D-PAK),3.0,No,700,30,3.3,2.0,,4.0,900.0,1400.0,,,7.7,,1.9,2.8,370.0,34.0,,150,Yes with exemption 7(a),IEC 61249-2-21,J-STD-002,Matte Tin,,UL 94 V-0
TSM70N380CH,https://services.taiwansemi.com/storage/resources/datasheet/TSM70N380_E1706.pdf,https://www.taiwansemi.com/en/stock-check/TSM70N380CH/,Obsolete,Single,Super Junction,N-Channel,TO-251 (I-PAK),,No,700,30,11.0,2.0,3.0,4.0,330.0,380.0,,,18.8,,3.7,5.6,981.0,58.0,,150,Yes with exemption 7(a),IEC 61249-2-21,J-STD-002,Matte Tin,,UL 94 V-0
TSM70N380CI,https://services.taiwansemi.com/storage/resources/datasheet/TSM70N380_E1706.pdf,https://www.taiwansemi.com/en/stock-check/TSM70N380CI/,Obsolete,Single,Super Junction,N-Channel,ITO-220,,No,700,30,11.0,2.0,3.0,4.0,330.0,380.0,,,18.8,,3.7,5.6,981.0,58.0,,150,Yes with exemption 7(a),IEC 61249-2-21,J-STD-002,Matte Tin,,UL 94 V-0
TSM70N380CP,https://services.taiwansemi.com/storage/resources/datasheet/TSM70N380_E1706.pdf,https://www.taiwansemi.com/en/stock-check/TSM70N380CP/,Obsolete,Single,Super Junction,N-Channel,TO-252 (D-PAK),3.0,No,700,30,11.0,2.0,3.0,4.0,330.0,380.0,,,18.8,,3.7,5.6,981.0,58.0,,150,Yes with exemption 7(a),IEC 61249-2-21,J-STD-002,Matte Tin,,UL 94 V-0
TSM70N600ACL,https://services.taiwansemi.com/storage/resources/datasheet/TSM70N600ACL_A1609.pdf,https://www.taiwansemi.com/en/stock-check/TSM70N600ACL/,Obsolete,Single,Super Junction,N-Channel,TO-262S (I²PAK SL),,No,700,30,8.0,2.0,2.9,4.0,530.0,600.0,,,12.6,,2.9,4.5,743.0,63.0,,150,Yes with exemption 7(a),IEC 61249-2-21,J-STD-002,Matte Tin,,UL 94 V-0
TSM70N600CH,https://services.taiwansemi.com/storage/resources/datasheet/TSM70N600_F1901.pdf,https://www.taiwansemi.com/en/stock-check/TSM70N600CH/,Obsolete,Single,Super Junction,N-Channel,TO-251 (I-PAK),,No,700,30,8.0,2.0,3.0,4.0,500.0,600.0,,,12.6,,2.9,4.5,743.0,63.0,,150,Yes with exemption 7(a),IEC 61249-2-21,J-STD-002,Matte Tin,,UL 94 V-0
TSM70N600CI,https://services.taiwansemi.com/storage/resources/datasheet/TSM70N600_F1901.pdf,https://www.taiwansemi.com/en/stock-check/TSM70N600CI/,Obsolete,Single,Super Junction,N-Channel,ITO-220,,No,700,30,8.0,2.0,3.0,4.0,500.0,600.0,,,12.6,,2.9,4.5,743.0,63.0,,150,Yes with exemption 7(a),IEC 61249-2-21,J-STD-002,Matte Tin,,UL 94 V-0
TSM70N600CP,https://services.taiwansemi.com/storage/resources/datasheet/TSM70N600_F1901.pdf,https://www.taiwansemi.com/en/stock-check/TSM70N600CP/,Obsolete,Single,Super Junction,N-Channel,TO-252 (D-PAK),3.0,No,700,30,8.0,2.0,3.0,4.0,500.0,600.0,,,12.6,,2.9,4.5,743.0,63.0,,150,Yes with exemption 7(a),IEC 61249-2-21,J-STD-002,Matte Tin,,UL 94 V-0
TSM70N750CH,https://services.taiwansemi.com/storage/resources/datasheet/TSM70N750_C1706.pdf,https://www.taiwansemi.com/en/stock-check/TSM70N750CH/,Obsolete,Single,Super Junction,N-Channel,TO-251 (I-PAK),,No,700,30,6.0,2.0,3.0,4.0,620.0,750.0,,,10.7,,2.8,3.5,555.0,39.0,,150,Yes with exemption 7(a),IEC 61249-2-21,J-STD-002,Matte Tin,,UL 94 V-0
TSM70N750CP,https://services.taiwansemi.com/storage/resources/datasheet/TSM70N750_C1706.pdf,https://www.taiwansemi.com/en/stock-check/TSM70N750CP/,Obsolete,Single,Super Junction,N-Channel,TO-252 (D-PAK),3.0,No,700,30,6.0,2.0,3.0,4.0,620.0,750.0,,,10.7,,2.8,3.5,555.0,39.0,,150,Yes with exemption 7(a),IEC 61249-2-21,J-STD-002,Matte Tin,,UL 94 V-0
TSM70N900CH,https://services.taiwansemi.com/storage/resources/datasheet/TSM70N900_F1901.pdf,https://www.taiwansemi.com/en/stock-check/TSM70N900CH/,Obsolete,Single,Super Junction,N-Channel,TO-251 (I-PAK),,No,700,30,4.5,2.0,3.0,4.0,830.0,900.0,,,9.7,,2.9,3.5,482.0,34.0,,150,Yes with exemption 7(a),IEC 61249-2-21,J-STD-002,Matte Tin,,UL 94 V-0
TSM70N900CI,https://services.taiwansemi.com/storage/resources/datasheet/TSM70N900_F1901.pdf,https://www.taiwansemi.com/en/stock-check/TSM70N900CI/,Obsolete,Single,Super Junction,N-Channel,ITO-220,,No,700,30,4.5,2.0,3.0,4.0,850.0,900.0,,,9.7,,2.9,3.5,482.0,34.0,,150,Yes with exemption 7(a),IEC 61249-2-21,J-STD-002,Matte Tin,,UL 94 V-0
TSM70N900CP,https://services.taiwansemi.com/storage/resources/datasheet/TSM70N900_F1901.pdf,https://www.taiwansemi.com/en/stock-check/TSM70N900CP/,Obsolete,Single,Super Junction,N-Channel,TO-252 (D-PAK),3.0,No,700,30,4.5,2.0,3.0,4.0,830.0,900.0,,,9.7,,2.9,3.5,482.0,34.0,,150,Yes with exemption 7(a),IEC 61249-2-21,J-STD-002,Matte Tin,,UL 94 V-0
TSM70NB1R4CP,https://services.taiwansemi.com/storage/resources/datasheet/TSM70NB1R4CP_C1612.pdf,https://www.taiwansemi.com/en/stock-check/TSM70NB1R4CP/,Obsolete,Single,Super Junction G2,N-Channel,TO-252 (D-PAK),3.0,No,700,30,3.0,2.0,,4.0,1100.0,1400.0,,,7.4,,1.8,2.4,317.0,42.0,,150,Yes with exemption 7(a),IEC 61249-2-21,J-STD-002,Matte Tin,,UL 94 V-0
TSM7NC60CF,https://services.taiwansemi.com/storage/resources/datasheet/TSM7NC60CF_A1605.pdf,https://www.taiwansemi.com/en/stock-check/TSM7NC60CF/,Obsolete,Single,Planar,N-Channel,ITO-220S,,No,600,30,7.0,2.5,3.5,4.5,1070.0,1200.0,,,24.0,,7.2,8.2,1169.0,62.0,5.0,150,Yes with exemption 7(a),IEC 61249-2-21,J-STD-002,Matte Tin,,UL 94 V-0
TSM7NC65CF,https://services.taiwansemi.com/storage/resources/datasheet/TSM7NC65CF_A1605.pdf,https://www.taiwansemi.com/en/stock-check/TSM7NC65CF/,Obsolete,Single,Planar,N-Channel,ITO-220S,,No,650,30,7.0,2.5,3.6,4.5,1200.0,1350.0,,,24.0,,7.6,9.4,1169.0,59.0,5.0,150,Yes with exemption 7(a),IEC 61249-2-21,J-STD-002,Matte Tin,,UL 94 V-0
TSM7ND60CI,https://services.taiwansemi.com/storage/resources/datasheet/TSM7ND60CI_A1804.pdf,https://www.taiwansemi.com/en/stock-check/TSM7ND60CI/,Obsolete,Single,Planar,N-Channel,ITO-220,,No,600,30,7.0,2.5,2.8,3.8,900.0,1200.0,,,25.0,,5.5,8.1,1108.0,69.0,1.0,150,Yes with exemption 7(a),IEC 61249-2-21,J-STD-002,Matte Tin,,UL 94 V-0
TSM7ND65CI,https://services.taiwansemi.com/storage/resources/datasheet/TSM7ND65CI_A1804.pdf,https://www.taiwansemi.com/en/stock-check/TSM7ND65CI/,Obsolete,Single,Planar,N-Channel,ITO-220,,No,650,30,7.0,2.5,2.9,3.8,1000.0,1350.0,,,25.0,,5.3,8.1,1124.0,68.0,3.0,150,Yes with exemption 7(a),IEC 61249-2-21,J-STD-002,Matte Tin,,UL 94 V-0
TSM80N1R2CH,https://services.taiwansemi.com/storage/resources/datasheet/TSM80N1R2_B1706.pdf,https://www.taiwansemi.com/en/stock-check/TSM80N1R2CH/,Obsolete,Single,Super Junction,N-Channel,TO-251 (I-PAK),,No,800,30,5.5,2.0,,4.0,900.0,1200.0,,,19.4,,3.4,9.6,685.0,62.0,,150,Yes with exemption 7(a),IEC 61249-2-21,J-STD-002,Matte Tin,,UL 94 V-0
TSM80N1R2CI,https://services.taiwansemi.com/storage/resources/datasheet/TSM80N1R2CI_A1604.pdf,https://www.taiwansemi.com/en/stock-check/TSM80N1R2CI/,Obsolete,Single,Super Junction,N-Channel,ITO-220,,No,800,30,5.5,2.0,,4.0,900.0,1200.0,,,19.4,,3.4,9.6,685.0,62.0,,150,Yes with exemption 7(a),IEC 61249-2-21,J-STD-002,Matte Tin,,UL 94 V-0
TSM80N1R2CL,https://services.taiwansemi.com/storage/resources/datasheet/TSM80N1R2CL_A1603.pdf,https://www.taiwansemi.com/en/stock-check/TSM80N1R2CL/,Obsolete,Single,Super Junction,N-Channel,TO-262 (I²PAK),,No,800,30,5.5,2.0,,4.0,900.0,1200.0,,,19.4,,3.4,9.6,685.0,62.0,,150,Yes with exemption 7(a),IEC 61249-2-21,J-STD-002,Matte Tin,,UL 94 V-0
TSM80N1R2CP,https://services.taiwansemi.com/storage/resources/datasheet/TSM80N1R2_B1706.pdf,https://www.taiwansemi.com/en/stock-check/TSM80N1R2CP/,Obsolete,Single,Super Junction,N-Channel,TO-252 (D-PAK),3.0,No,800,30,5.5,2.0,,4.0,900.0,1200.0,,,19.4,,3.4,9.6,685.0,62.0,,150,Yes with exemption 7(a),IEC 61249-2-21,J-STD-002,Matte Tin,,UL 94 V-0
TSM80N400CF,https://services.taiwansemi.com/storage/resources/datasheet/TSM80N400CF_B1704.pdf,https://www.taiwansemi.com/en/stock-check/TSM80N400CF/,Obsolete,Single,Super Junction,N-Channel,ITO-220S,,No,800,30,12.0,2.0,3.3,4.0,300.0,400.0,,,51.0,,10.0,24.0,1848.0,90.0,,150,Yes with exemption 7(a),IEC 61249-2-21,J-STD-002,Matte Tin,,UL 94 V-0
TSM80N950CH,https://services.taiwansemi.com/storage/resources/datasheet/TSM80N950_B1706.pdf,https://www.taiwansemi.com/en/stock-check/TSM80N950CH/,Obsolete,Single,Super Junction,N-Channel,TO-251 (I-PAK),,No,800,30,6.0,2.0,,4.0,800.0,950.0,,,19.6,,3.5,9.7,691.0,63.0,,150,Yes with exemption 7(a),IEC 61249-2-21,J-STD-002,Matte Tin,,UL 94 V-0
TSM80N950CI,https://services.taiwansemi.com/storage/resources/datasheet/TSM80N950CI_A1604.pdf,https://www.taiwansemi.com/en/stock-check/TSM80N950CI/,Obsolete,Single,Super Junction,N-Channel,ITO-220,,No,800,30,6.0,2.0,,4.0,800.0,950.0,,,19.6,,3.5,9.7,691.0,63.0,,150,Yes with exemption 7(a),IEC 61249-2-21,J-STD-002,Matte Tin,,UL 94 V-0
TSM80N950CP,https://services.taiwansemi.com/storage/resources/datasheet/TSM80N950_B1706.pdf,https://www.taiwansemi.com/en/stock-check/TSM80N950CP/,Obsolete,Single,Super Junction,N-Channel,TO-252 (D-PAK),3.0,No,800,30,6.0,2.0,,4.0,800.0,950.0,,,19.6,,3.5,9.7,691.0,63.0,,150,Yes with exemption 7(a),IEC 61249-2-21,J-STD-002,Matte Tin,,UL 94 V-0
TSM850N06CX,https://services.taiwansemi.com/storage/resources/datasheet/TSM850N06CX_C1811.pdf,https://www.taiwansemi.com/en/stock-check/TSM850N06CX/,Active,Single,Trench,N-Channel,SOT-23,1.0,No,60,20,3.0,1.2,1.8,2.5,68.0,85.0,80.0,100.0,9.5,4.6,1.9,1.6,529.0,29.0,3.0,150,Yes,IEC 61249-2-21,J-STD-002,Matte Tin,0.012742,UL 94 V-0
TSM900N06CH,https://services.taiwansemi.com/storage/resources/datasheet/TSM900N06CH_A2205.pdf,https://www.taiwansemi.com/en/stock-check/TSM900N06CH/,Active,Single,Trench,N-Channel,TO-251S (I-PAK SL),,No,60,20,11.0,1.2,1.8,2.5,76.0,90.0,87.0,100.0,9.5,,2.0,1.4,533.4,34.4,27.0,150,Yes with exemption 7(a),IEC 61249-2-21,J-STD-002,Matte Tin,0.33,UL 94 V-0
TSM900N06CP,https://services.taiwansemi.com/storage/resources/datasheet/TSM900N06CP_A2205.pdf,https://www.taiwansemi.com/en/stock-check/TSM900N06CP/,Active,Single,Trench,N-Channel,TO-252 (D-PAK),3.0,No,60,20,11.0,1.2,1.8,2.5,76.0,90.0,87.0,100.0,9.5,,2.0,1.4,533.4,34.4,27.0,150,Yes with exemption 7(a),IEC 61249-2-21,J-STD-002,Matte Tin,0.32661,UL 94 V-0
TSM900N06CW,https://services.taiwansemi.com/storage/resources/datasheet/TSM900N06CW_A2205.pdf,https://www.taiwansemi.com/en/stock-check/TSM900N06CW/,Active,Single,Trench,N-Channel,SOT-223,3.0,No,60,20,6.0,1.2,1.6,2.5,71.0,90.0,79.0,126.0,11.0,,1.4,1.8,525.0,30.0,24.0,150,Yes,IEC 61249-2-21,J-STD-002,Matte Tin,0.12,UL 94 V-0
TSM900N10CH,https://services.taiwansemi.com/storage/resources/datasheet/TSM900N10_A15.pdf,https://www.taiwansemi.com/en/stock-check/TSM900N10CH/,Active,Single,Trench,N-Channel,TO-251S (I-PAK SL),,No,100,20,15.0,1.2,1.6,2.5,72.0,90.0,75.0,100.0,9.3,,2.1,1.8,1480.0,480.0,35.0,150,Yes with exemption 7(a),IEC 61249-2-21,J-STD-002,Matte Tin,0.33,UL 94 V-0
TSM900N10CP,https://services.taiwansemi.com/storage/resources/datasheet/TSM900N10_A15.pdf,https://www.taiwansemi.com/en/stock-check/TSM900N10CP/,Active,Single,Trench,N-Channel,TO-252 (D-PAK),3.0,No,100,20,15.0,1.2,1.6,2.5,72.0,90.0,75.0,100.0,9.3,,2.1,1.8,1480.0,480.0,35.0,150,Yes with exemption 7(a),IEC 61249-2-21,J-STD-002,Matte Tin,0.32661,UL 94 V-0
TSM950N10CW,https://services.taiwansemi.com/storage/resources/datasheet/TSM950N10_D1807.pdf,https://www.taiwansemi.com/en/stock-check/TSM950N10CW/,Active,Single,Trench,N-Channel,SOT-223,3.0,No,100,20,6.5,1.2,1.6,2.5,80.0,95.0,85.0,110.0,9.3,,2.1,1.8,1480.0,480.0,35.0,150,Yes,IEC 61249-2-21,J-STD-002,Matte Tin,0.1245,UL 94 V-0
TSM9ND50CI,https://services.taiwansemi.com/storage/resources/datasheet/TSM9ND50CI_A1807.pdf,https://www.taiwansemi.com/en/stock-check/TSM9ND50CI/,Obsolete,Single,Planar,N-Channel,ITO-220,,No,500,30,9.0,2.5,2.8,3.8,600.0,900.0,,,24.5,,5.0,8.3,1116.0,83.0,1.0,150,Yes with exemption 7(a),IEC 61249-2-21,J-STD-002,Matte Tin,,UL 94 V-0
